pde,algorithm,n_obs,obs_noise,lam_data,lam_pde,n_collocation,balancer,f1_l2_error,f2_pde_residual,f3_data_budget,hidden_dim,n_layers,seed,experiment
poisson,grid,0.0,0.0,0.1,0.1,100.0,fixed,0.0041026677936315,0.033397439867258,100.0,50.0,4.0,0,poisson_grid_clean
poisson,grid,0.0,0.0,0.1,0.1,200.0,fixed,0.0047694449312984,0.0427711755037307,200.0,50.0,4.0,0,poisson_grid_clean
poisson,grid,0.0,0.0,0.1,0.1,300.0,fixed,0.0031914631836116,0.0432973764836788,300.0,50.0,4.0,0,poisson_grid_clean
poisson,grid,0.0,0.0,0.1,1.0,100.0,fixed,0.0930146649479866,0.0117528559640049,100.0,50.0,4.0,0,poisson_grid_clean
poisson,grid,0.0,0.0,0.1,1.0,200.0,fixed,0.0218857042491436,0.0112235341221094,200.0,50.0,4.0,0,poisson_grid_clean
poisson,grid,0.0,0.0,0.1,1.0,300.0,fixed,0.0918152779340744,0.0280195549130439,300.0,50.0,4.0,0,poisson_grid_clean
poisson,grid,0.0,0.0,0.1,10.0,100.0,fixed,1.7187923192977903,0.0208421070128679,100.0,50.0,4.0,0,poisson_grid_clean
poisson,grid,0.0,0.0,0.1,10.0,200.0,fixed,2.139507293701172,0.0370208732783794,200.0,50.0,4.0,0,poisson_grid_clean
poisson,grid,0.0,0.0,0.1,10.0,300.0,fixed,2.209710121154785,0.0166318956762552,300.0,50.0,4.0,0,poisson_grid_clean
poisson,grid,0.0,0.0,1.0,0.1,100.0,fixed,0.000706426333636,0.0405487827956676,100.0,50.0,4.0,0,poisson_grid_clean
poisson,grid,0.0,0.0,1.0,0.1,200.0,fixed,0.0012137105222791,0.0376650467514991,200.0,50.0,4.0,0,poisson_grid_clean
poisson,grid,0.0,0.0,1.0,0.1,300.0,fixed,0.0007617908413521,0.0548435524106025,300.0,50.0,4.0,0,poisson_grid_clean
poisson,grid,0.0,0.0,1.0,1.0,100.0,fixed,0.0029519358649849,0.0298246052116155,100.0,50.0,4.0,0,poisson_grid_clean
poisson,grid,0.0,0.0,1.0,1.0,200.0,fixed,0.0063481861725449,0.0565306469798088,200.0,50.0,4.0,0,poisson_grid_clean
poisson,grid,0.0,0.0,1.0,1.0,300.0,fixed,0.0073841651901602,0.0559967048466205,300.0,50.0,4.0,0,poisson_grid_clean
poisson,grid,0.0,0.0,1.0,10.0,100.0,fixed,0.017429269850254,0.0191818363964557,100.0,50.0,4.0,0,poisson_grid_clean
poisson,grid,0.0,0.0,1.0,10.0,200.0,fixed,0.0517700351774692,0.0368754491209983,200.0,50.0,4.0,0,poisson_grid_clean
poisson,grid,0.0,0.0,1.0,10.0,300.0,fixed,0.0781121030449867,0.0213848650455474,300.0,50.0,4.0,0,poisson_grid_clean
poisson,grid,0.0,0.0,10.0,0.1,100.0,fixed,0.0016490912530571,0.0904893800616264,100.0,50.0,4.0,0,poisson_grid_clean
poisson,grid,0.0,0.0,10.0,0.1,200.0,fixed,0.0032377364113926,0.0577987097203731,200.0,50.0,4.0,0,poisson_grid_clean
poisson,grid,0.0,0.0,10.0,0.1,300.0,fixed,0.0214762836694717,0.0754749625921249,300.0,50.0,4.0,0,poisson_grid_clean
poisson,grid,0.0,0.0,10.0,1.0,100.0,fixed,0.0008930704207159,0.0366083346307277,100.0,50.0,4.0,0,poisson_grid_clean
poisson,grid,0.0,0.0,10.0,1.0,200.0,fixed,0.0003964834322687,0.0320120006799697,200.0,50.0,4.0,0,poisson_grid_clean
poisson,grid,0.0,0.0,10.0,1.0,300.0,fixed,0.0006339731044135,0.0367329828441143,300.0,50.0,4.0,0,poisson_grid_clean
poisson,grid,0.0,0.0,10.0,10.0,100.0,fixed,0.0056205983273684,0.0461802445352077,100.0,50.0,4.0,0,poisson_grid_clean
poisson,grid,0.0,0.0,10.0,10.0,200.0,fixed,0.0021534217521548,0.0183321330696344,200.0,50.0,4.0,0,poisson_grid_clean
poisson,grid,0.0,0.0,10.0,10.0,300.0,fixed,0.0035758309531956,0.0330441296100616,300.0,50.0,4.0,0,poisson_grid_clean
poisson,grid,0.0,0.0,0.1,0.1,100.0,fixed,0.0050545674748718,0.0457686930894851,100.0,50.0,4.0,1,poisson_grid_clean
poisson,grid,0.0,0.0,0.1,0.1,200.0,fixed,0.003090031677857,0.0414543375372886,200.0,50.0,4.0,1,poisson_grid_clean
poisson,grid,0.0,0.0,0.1,0.1,300.0,fixed,0.0042711999267339,0.0374138243496418,300.0,50.0,4.0,1,poisson_grid_clean
poisson,grid,0.0,0.0,0.1,1.0,100.0,fixed,0.0136328684166073,0.0069791697897017,100.0,50.0,4.0,1,poisson_grid_clean
poisson,grid,0.0,0.0,0.1,1.0,200.0,fixed,0.1042884066700935,0.0300678256899118,200.0,50.0,4.0,1,poisson_grid_clean
poisson,grid,0.0,0.0,0.1,1.0,300.0,fixed,0.0194758139550685,0.0259986817836761,300.0,50.0,4.0,1,poisson_grid_clean
poisson,grid,0.0,0.0,0.1,10.0,100.0,fixed,2.146601676940918,0.0359477438032627,100.0,50.0,4.0,1,poisson_grid_clean
poisson,grid,0.0,0.0,0.1,10.0,200.0,fixed,2.169076919555664,0.0146942976862192,200.0,50.0,4.0,1,poisson_grid_clean
poisson,grid,0.0,0.0,0.1,10.0,300.0,fixed,2.318645477294922,0.0219319779425859,300.0,50.0,4.0,1,poisson_grid_clean
poisson,grid,0.0,0.0,1.0,0.1,100.0,fixed,0.0010110260918736,0.0347904488444328,100.0,50.0,4.0,1,poisson_grid_clean
poisson,grid,0.0,0.0,1.0,0.1,200.0,fixed,0.0008947913302108,0.0564928352832794,200.0,50.0,4.0,1,poisson_grid_clean
poisson,grid,0.0,0.0,1.0,0.1,300.0,fixed,0.0058771269395947,0.0385780446231365,300.0,50.0,4.0,1,poisson_grid_clean
poisson,grid,0.0,0.0,1.0,1.0,100.0,fixed,0.0070713977329432,0.0616559125483036,100.0,50.0,4.0,1,poisson_grid_clean
poisson,grid,0.0,0.0,1.0,1.0,200.0,fixed,0.0074365632608532,0.0584182515740394,200.0,50.0,4.0,1,poisson_grid_clean
poisson,grid,0.0,0.0,1.0,1.0,300.0,fixed,0.0036874145735055,0.0298911705613136,300.0,50.0,4.0,1,poisson_grid_clean
poisson,grid,0.0,0.0,1.0,10.0,100.0,fixed,0.0447487607598304,0.0452439971268177,100.0,50.0,4.0,1,poisson_grid_clean
poisson,grid,0.0,0.0,1.0,10.0,200.0,fixed,0.081381618976593,0.022254167124629,200.0,50.0,4.0,1,poisson_grid_clean
poisson,grid,0.0,0.0,1.0,10.0,300.0,fixed,0.280954509973526,0.0285739954560995,300.0,50.0,4.0,1,poisson_grid_clean
poisson,grid,0.0,0.0,10.0,0.1,100.0,fixed,0.0026437214110046,0.0677268058061599,100.0,50.0,4.0,1,poisson_grid_clean
poisson,grid,0.0,0.0,10.0,0.1,200.0,fixed,0.0507502108812332,0.0841340646147728,200.0,50.0,4.0,1,poisson_grid_clean
poisson,grid,0.0,0.0,10.0,0.1,300.0,fixed,0.0431853719055652,0.0787998288869857,300.0,50.0,4.0,1,poisson_grid_clean
poisson,grid,0.0,0.0,10.0,1.0,100.0,fixed,0.0006003572489134,0.0319875329732894,100.0,50.0,4.0,1,poisson_grid_clean
poisson,grid,0.0,0.0,10.0,1.0,200.0,fixed,0.0006460541626438,0.0359971970319747,200.0,50.0,4.0,1,poisson_grid_clean
poisson,grid,0.0,0.0,10.0,1.0,300.0,fixed,0.0006379722035489,0.0457961373031139,300.0,50.0,4.0,1,poisson_grid_clean
poisson,grid,0.0,0.0,10.0,10.0,100.0,fixed,0.0025399269070476,0.0193626340478658,100.0,50.0,4.0,1,poisson_grid_clean
poisson,grid,0.0,0.0,10.0,10.0,200.0,fixed,0.0034924868959933,0.0307140927761793,200.0,50.0,4.0,1,poisson_grid_clean
poisson,grid,0.0,0.0,10.0,10.0,300.0,fixed,0.0054129087366163,0.0509863831102848,300.0,50.0,4.0,1,poisson_grid_clean
poisson,grid,0.0,0.0,0.1,0.1,100.0,fixed,0.0033534516114741,0.0419639647006988,100.0,50.0,4.0,2,poisson_grid_clean
poisson,grid,0.0,0.0,0.1,0.1,200.0,fixed,0.0040179281495511,0.0368999242782592,200.0,50.0,4.0,2,poisson_grid_clean
poisson,grid,0.0,0.0,0.1,0.1,300.0,fixed,0.0053985626436769,0.0431905463337898,300.0,50.0,4.0,2,poisson_grid_clean
poisson,grid,0.0,0.0,0.1,1.0,100.0,fixed,0.0667252987623214,0.0176202300935983,100.0,50.0,4.0,2,poisson_grid_clean
poisson,grid,0.0,0.0,0.1,1.0,200.0,fixed,0.0211586598306894,0.026223100721836,200.0,50.0,4.0,2,poisson_grid_clean
poisson,grid,0.0,0.0,0.1,1.0,300.0,fixed,0.0125019783154129,0.0072680972516536,300.0,50.0,4.0,2,poisson_grid_clean
poisson,grid,0.0,0.0,0.1,10.0,100.0,fixed,2.251027584075928,0.0160388834774494,100.0,50.0,4.0,2,poisson_grid_clean
poisson,grid,0.0,0.0,0.1,10.0,200.0,fixed,2.307014942169189,0.0228341408073902,200.0,50.0,4.0,2,poisson_grid_clean
poisson,grid,0.0,0.0,0.1,10.0,300.0,fixed,2.17789363861084,0.023781668394804,300.0,50.0,4.0,2,poisson_grid_clean
poisson,grid,0.0,0.0,1.0,0.1,100.0,fixed,0.0007759865256957,0.0559150800108909,100.0,50.0,4.0,2,poisson_grid_clean
poisson,grid,0.0,0.0,1.0,0.1,200.0,fixed,0.036783467978239,0.0614596270024776,200.0,50.0,4.0,2,poisson_grid_clean
poisson,grid,0.0,0.0,1.0,0.1,300.0,fixed,0.0016860594041645,0.0630557090044021,300.0,50.0,4.0,2,poisson_grid_clean
poisson,grid,0.0,0.0,1.0,1.0,100.0,fixed,0.007068290375173,0.059157621115446,100.0,50.0,4.0,2,poisson_grid_clean
poisson,grid,0.0,0.0,1.0,1.0,200.0,fixed,0.0037818655837327,0.0296642798930406,200.0,50.0,4.0,2,poisson_grid_clean
poisson,grid,0.0,0.0,1.0,1.0,300.0,fixed,0.0137619040906429,0.0829795971512794,300.0,50.0,4.0,2,poisson_grid_clean
poisson,grid,0.0,0.0,1.0,10.0,100.0,fixed,0.0810752660036087,0.0193185657262802,100.0,50.0,4.0,2,poisson_grid_clean
poisson,grid,0.0,0.0,1.0,10.0,200.0,fixed,0.2649238407611847,0.0289166402071714,200.0,50.0,4.0,2,poisson_grid_clean
poisson,grid,0.0,0.0,1.0,10.0,300.0,fixed,0.0310299564152956,0.0315653085708618,300.0,50.0,4.0,2,poisson_grid_clean
poisson,grid,0.0,0.0,10.0,0.1,100.0,fixed,0.0050337542779743,0.0751823633909225,100.0,50.0,4.0,2,poisson_grid_clean
poisson,grid,0.0,0.0,10.0,0.1,200.0,fixed,0.0010822900803759,0.0645235702395439,200.0,50.0,4.0,2,poisson_grid_clean
poisson,grid,0.0,0.0,10.0,0.1,300.0,fixed,0.0045396136119961,0.0452568717300891,300.0,50.0,4.0,2,poisson_grid_clean
poisson,grid,0.0,0.0,10.0,1.0,100.0,fixed,0.0006939030135981,0.0375142134726047,100.0,50.0,4.0,2,poisson_grid_clean
poisson,grid,0.0,0.0,10.0,1.0,200.0,fixed,0.002019865438342,0.0395821332931518,200.0,50.0,4.0,2,poisson_grid_clean
poisson,grid,0.0,0.0,10.0,1.0,300.0,fixed,0.0005351425497792,0.0357909873127937,300.0,50.0,4.0,2,poisson_grid_clean
poisson,grid,0.0,0.0,10.0,10.0,100.0,fixed,0.0060386485420167,0.0433509573340415,100.0,50.0,4.0,2,poisson_grid_clean
poisson,grid,0.0,0.0,10.0,10.0,200.0,fixed,0.0042503960430622,0.0392282158136367,200.0,50.0,4.0,2,poisson_grid_clean
poisson,grid,0.0,0.0,10.0,10.0,300.0,fixed,0.0048656980507075,0.0370699949562549,300.0,50.0,4.0,2,poisson_grid_clean
poisson,grid,0.0,0.0,0.1,0.1,100.0,fixed,0.0038667200133204,0.0355111770331859,100.0,50.0,4.0,3,poisson_grid_clean
poisson,grid,0.0,0.0,0.1,0.1,200.0,fixed,0.0055183907970786,0.0425843708217144,200.0,50.0,4.0,3,poisson_grid_clean
poisson,grid,0.0,0.0,0.1,0.1,300.0,fixed,0.0050812023691833,0.0408424511551857,300.0,50.0,4.0,3,poisson_grid_clean
poisson,grid,0.0,0.0,0.1,1.0,100.0,fixed,0.0196346174925565,0.0264772698283195,100.0,50.0,4.0,3,poisson_grid_clean
poisson,grid,0.0,0.0,0.1,1.0,200.0,fixed,0.0195905249565839,0.0144945792853832,200.0,50.0,4.0,3,poisson_grid_clean
poisson,grid,0.0,0.0,0.1,1.0,300.0,fixed,0.0825311690568924,0.0331885255873203,300.0,50.0,4.0,3,poisson_grid_clean
poisson,grid,0.0,0.0,0.1,10.0,100.0,fixed,2.461261510848999,0.0385741032660007,100.0,50.0,4.0,3,poisson_grid_clean
poisson,grid,0.0,0.0,0.1,10.0,200.0,fixed,2.1502134799957275,0.0207668524235487,200.0,50.0,4.0,3,poisson_grid_clean
poisson,grid,0.0,0.0,0.1,10.0,300.0,fixed,1.9616684913635252,0.0167755167931318,300.0,50.0,4.0,3,poisson_grid_clean
poisson,grid,0.0,0.0,1.0,0.1,100.0,fixed,0.0842002779245376,0.1423458755016327,100.0,50.0,4.0,3,poisson_grid_clean
poisson,grid,0.0,0.0,1.0,0.1,200.0,fixed,0.001392537378706,0.0521460436284542,200.0,50.0,4.0,3,poisson_grid_clean
poisson,grid,0.0,0.0,1.0,0.1,300.0,fixed,0.0014335962478071,0.0793152898550033,300.0,50.0,4.0,3,poisson_grid_clean
poisson,grid,0.0,0.0,1.0,1.0,100.0,fixed,0.0075445948168635,0.062134850770235,100.0,50.0,4.0,3,poisson_grid_clean
poisson,grid,0.0,0.0,1.0,1.0,200.0,fixed,0.0139215774834156,0.0823072642087936,200.0,50.0,4.0,3,poisson_grid_clean
poisson,grid,0.0,0.0,1.0,1.0,300.0,fixed,0.0061679421924054,0.0462626740336418,300.0,50.0,4.0,3,poisson_grid_clean
poisson,grid,0.0,0.0,1.0,10.0,100.0,fixed,0.3171541690826416,0.0194100048393011,100.0,50.0,4.0,3,poisson_grid_clean
poisson,grid,0.0,0.0,1.0,10.0,200.0,fixed,0.0405555628240108,0.0342306122183799,200.0,50.0,4.0,3,poisson_grid_clean
poisson,grid,0.0,0.0,1.0,10.0,300.0,fixed,0.0577377825975418,0.0322936475276947,300.0,50.0,4.0,3,poisson_grid_clean
poisson,grid,0.0,0.0,10.0,0.1,100.0,fixed,0.0142971212044358,0.0669654756784439,100.0,50.0,4.0,3,poisson_grid_clean
poisson,grid,0.0,0.0,10.0,0.1,200.0,fixed,0.0169080458581447,0.0521515570580959,200.0,50.0,4.0,3,poisson_grid_clean
poisson,grid,0.0,0.0,10.0,0.1,300.0,fixed,0.0207745842635631,0.0676066353917121,300.0,50.0,4.0,3,poisson_grid_clean
poisson,grid,0.0,0.0,10.0,1.0,100.0,fixed,0.001116418512538,0.0394352637231349,100.0,50.0,4.0,3,poisson_grid_clean
poisson,grid,0.0,0.0,10.0,1.0,200.0,fixed,0.0006396777462214,0.0297692008316516,200.0,50.0,4.0,3,poisson_grid_clean
poisson,grid,0.0,0.0,10.0,1.0,300.0,fixed,0.0004649359034374,0.0379813015460968,300.0,50.0,4.0,3,poisson_grid_clean
poisson,grid,0.0,0.0,10.0,10.0,100.0,fixed,0.0046895933337509,0.0343476459383964,100.0,50.0,4.0,3,poisson_grid_clean
poisson,grid,0.0,0.0,10.0,10.0,200.0,fixed,0.0048286337405443,0.0388499870896339,200.0,50.0,4.0,3,poisson_grid_clean
poisson,grid,0.0,0.0,10.0,10.0,300.0,fixed,0.0048254900611937,0.0349899306893348,300.0,50.0,4.0,3,poisson_grid_clean
poisson,grid,0.0,0.0,0.1,0.1,100.0,fixed,0.0051196203567087,0.0373763404786586,100.0,50.0,4.0,4,poisson_grid_clean
poisson,grid,0.0,0.0,0.1,0.1,200.0,fixed,0.0056345327757298,0.0447190552949905,200.0,50.0,4.0,4,poisson_grid_clean
poisson,grid,0.0,0.0,0.1,0.1,300.0,fixed,0.0067089032381772,0.0383282601833343,300.0,50.0,4.0,4,poisson_grid_clean
poisson,grid,0.0,0.0,0.1,1.0,100.0,fixed,0.0184250250458717,0.0115260407328605,100.0,50.0,4.0,4,poisson_grid_clean
poisson,grid,0.0,0.0,0.1,1.0,200.0,fixed,0.0856757387518882,0.0329634249210357,200.0,50.0,4.0,4,poisson_grid_clean
poisson,grid,0.0,0.0,0.1,1.0,300.0,fixed,0.0481908284127712,0.0343379341065883,300.0,50.0,4.0,4,poisson_grid_clean
poisson,grid,0.0,0.0,0.1,10.0,100.0,fixed,2.2365710735321045,0.0192655120044946,100.0,50.0,4.0,4,poisson_grid_clean
poisson,grid,0.0,0.0,0.1,10.0,200.0,fixed,1.986987590789795,0.0179259292781353,200.0,50.0,4.0,4,poisson_grid_clean
poisson,grid,0.0,0.0,0.1,10.0,300.0,fixed,2.294742584228516,0.0309971012175083,300.0,50.0,4.0,4,poisson_grid_clean
poisson,grid,0.0,0.0,1.0,0.1,100.0,fixed,0.027173601090908,0.054987397044897,100.0,50.0,4.0,4,poisson_grid_clean
poisson,grid,0.0,0.0,1.0,0.1,200.0,fixed,0.0162864346057176,0.0779726803302764,200.0,50.0,4.0,4,poisson_grid_clean
poisson,grid,0.0,0.0,1.0,0.1,300.0,fixed,0.0765564441680908,0.1265211552381515,300.0,50.0,4.0,4,poisson_grid_clean
poisson,grid,0.0,0.0,1.0,1.0,100.0,fixed,0.0149393565952777,0.0904302150011062,100.0,50.0,4.0,4,poisson_grid_clean
poisson,grid,0.0,0.0,1.0,1.0,200.0,fixed,0.0062555968761444,0.046573344618082,200.0,50.0,4.0,4,poisson_grid_clean
poisson,grid,0.0,0.0,1.0,1.0,300.0,fixed,0.005116106942296,0.0510603189468383,300.0,50.0,4.0,4,poisson_grid_clean
poisson,grid,0.0,0.0,1.0,10.0,100.0,fixed,0.0375193953514099,0.0375930331647396,100.0,50.0,4.0,4,poisson_grid_clean
poisson,grid,0.0,0.0,1.0,10.0,200.0,fixed,0.059018600732088,0.0325283370912075,200.0,50.0,4.0,4,poisson_grid_clean
poisson,grid,0.0,0.0,1.0,10.0,300.0,fixed,0.0419141463935375,0.0676115304231643,300.0,50.0,4.0,4,poisson_grid_clean
poisson,grid,0.0,0.0,10.0,0.1,100.0,fixed,0.0008590152719989,0.0494070500135421,100.0,50.0,4.0,4,poisson_grid_clean
poisson,grid,0.0,0.0,10.0,0.1,200.0,fixed,0.0017707017250359,0.0644995495676994,200.0,50.0,4.0,4,poisson_grid_clean
poisson,grid,0.0,0.0,10.0,0.1,300.0,fixed,0.001068246201612,0.0949667245149612,300.0,50.0,4.0,4,poisson_grid_clean
poisson,grid,0.0,0.0,10.0,1.0,100.0,fixed,0.0137476557865738,0.0290157180279493,100.0,50.0,4.0,4,poisson_grid_clean
poisson,grid,0.0,0.0,10.0,1.0,200.0,fixed,0.0007153308251872,0.0358914285898208,200.0,50.0,4.0,4,poisson_grid_clean
poisson,grid,0.0,0.0,10.0,1.0,300.0,fixed,0.0005353367887437,0.0315582603216171,300.0,50.0,4.0,4,poisson_grid_clean
poisson,grid,0.0,0.0,10.0,10.0,100.0,fixed,0.0050848075188696,0.0420481786131858,100.0,50.0,4.0,4,poisson_grid_clean
poisson,grid,0.0,0.0,10.0,10.0,200.0,fixed,0.0041548260487616,0.0311699360609054,200.0,50.0,4.0,4,poisson_grid_clean
poisson,grid,0.0,0.0,10.0,10.0,300.0,fixed,0.0046117925085127,0.0413249023258686,300.0,50.0,4.0,4,poisson_grid_clean
burgers,baseline_fixed,0.0,0.0,10.0,1.0,200.0,fixed,0.505604894491994,0.3264640569686889,200.0,50.0,4.0,0,burgers_baseline_fixed
burgers,baseline_fixed,0.0,0.0,10.0,1.0,200.0,fixed,0.4047687243937735,0.2428111881017685,200.0,50.0,4.0,1,burgers_baseline_fixed
burgers,baseline_fixed,0.0,0.0,10.0,1.0,200.0,fixed,0.4268227055560279,0.2563534677028656,200.0,50.0,4.0,2,burgers_baseline_fixed
burgers,baseline_fixed,0.0,0.0,10.0,1.0,200.0,fixed,0.500203187344174,0.2408264279365539,200.0,50.0,4.0,3,burgers_baseline_fixed
burgers,baseline_fixed,0.0,0.0,10.0,1.0,200.0,fixed,0.4252487770103107,0.213734745979309,200.0,50.0,4.0,4,burgers_baseline_fixed
burgers,grid,0.0,0.0,1.0,1.0,100.0,fixed,0.4525722402839989,0.0673753395676612,100.0,50.0,4.0,0,burgers_grid_clean
burgers,grid,0.0,0.0,1.0,1.0,200.0,fixed,0.451571848692634,0.067905843257904,200.0,50.0,4.0,0,burgers_grid_clean
burgers,grid,0.0,0.0,1.0,1.0,300.0,fixed,0.4699497931672219,0.0907652378082275,300.0,50.0,4.0,0,burgers_grid_clean
burgers,grid,0.0,0.0,1.0,10.0,100.0,fixed,0.6540060873986971,0.0252494700253009,100.0,50.0,4.0,0,burgers_grid_clean
burgers,grid,0.0,0.0,1.0,10.0,200.0,fixed,0.6106889967625743,0.0263980738818645,200.0,50.0,4.0,0,burgers_grid_clean
burgers,grid,0.0,0.0,1.0,10.0,300.0,fixed,0.618354062179834,0.0237787421792745,300.0,50.0,4.0,0,burgers_grid_clean
burgers,grid,0.0,0.0,10.0,1.0,100.0,fixed,0.4815304345911528,0.2679535150527954,100.0,50.0,4.0,0,burgers_grid_clean
burgers,grid,0.0,0.0,10.0,1.0,200.0,fixed,0.4496813153735872,0.2584062814712524,200.0,50.0,4.0,0,burgers_grid_clean
burgers,grid,0.0,0.0,10.0,1.0,300.0,fixed,0.4856268006650565,0.3535646200180053,300.0,50.0,4.0,0,burgers_grid_clean
burgers,grid,0.0,0.0,10.0,10.0,100.0,fixed,0.5825937900606258,0.0857556834816932,100.0,50.0,4.0,0,burgers_grid_clean
burgers,grid,0.0,0.0,10.0,10.0,200.0,fixed,0.5677726061147931,0.1122777536511421,200.0,50.0,4.0,0,burgers_grid_clean
burgers,grid,0.0,0.0,10.0,10.0,300.0,fixed,0.4669568976194172,0.0677057430148124,300.0,50.0,4.0,0,burgers_grid_clean
burgers,grid,0.0,0.0,1.0,1.0,100.0,fixed,0.4373314616346433,0.0416451133787632,100.0,50.0,4.0,1,burgers_grid_clean
burgers,grid,0.0,0.0,1.0,1.0,200.0,fixed,0.4122505902610691,0.0980361476540565,200.0,50.0,4.0,1,burgers_grid_clean
burgers,grid,0.0,0.0,1.0,1.0,300.0,fixed,0.4574455006824965,0.0820149257779121,300.0,50.0,4.0,1,burgers_grid_clean
burgers,grid,0.0,0.0,1.0,10.0,100.0,fixed,0.4694212178072016,0.0274664778262376,100.0,50.0,4.0,1,burgers_grid_clean
burgers,grid,0.0,0.0,1.0,10.0,200.0,fixed,0.5966846102290166,0.0240640565752983,200.0,50.0,4.0,1,burgers_grid_clean
burgers,grid,0.0,0.0,1.0,10.0,300.0,fixed,0.5738381271189726,0.0221678242087364,300.0,50.0,4.0,1,burgers_grid_clean
burgers,grid,0.0,0.0,10.0,1.0,100.0,fixed,0.5418076272908572,0.2271830439567566,100.0,50.0,4.0,1,burgers_grid_clean
burgers,grid,0.0,0.0,10.0,1.0,200.0,fixed,0.4939976636773044,0.3343429565429687,200.0,50.0,4.0,1,burgers_grid_clean
burgers,grid,0.0,0.0,10.0,1.0,300.0,fixed,0.418879236170332,0.2726410031318664,300.0,50.0,4.0,1,burgers_grid_clean
burgers,grid,0.0,0.0,10.0,10.0,100.0,fixed,0.5510438353585945,0.0773035883903503,100.0,50.0,4.0,1,burgers_grid_clean
burgers,grid,0.0,0.0,10.0,10.0,200.0,fixed,0.4910948312466094,0.0841360092163086,200.0,50.0,4.0,1,burgers_grid_clean
burgers,grid,0.0,0.0,10.0,10.0,300.0,fixed,0.4880507923403585,0.0757447406649589,300.0,50.0,4.0,1,burgers_grid_clean
burgers,grid,0.0,0.0,1.0,1.0,100.0,fixed,0.5525195429619869,0.0642495453357696,100.0,50.0,4.0,2,burgers_grid_clean
burgers,grid,0.0,0.0,1.0,1.0,200.0,fixed,0.5078847149711805,0.0902184471487999,200.0,50.0,4.0,2,burgers_grid_clean
burgers,grid,0.0,0.0,1.0,1.0,300.0,fixed,0.5099571175110239,0.0928895696997642,300.0,50.0,4.0,2,burgers_grid_clean
burgers,grid,0.0,0.0,1.0,10.0,100.0,fixed,0.5940819782554597,0.0242838710546493,100.0,50.0,4.0,2,burgers_grid_clean
burgers,grid,0.0,0.0,1.0,10.0,200.0,fixed,0.5917713651619932,0.0214477553963661,200.0,50.0,4.0,2,burgers_grid_clean
burgers,grid,0.0,0.0,1.0,10.0,300.0,fixed,0.7110362544393225,0.0305570121854543,300.0,50.0,4.0,2,burgers_grid_clean
burgers,grid,0.0,0.0,10.0,1.0,100.0,fixed,0.4595445284999754,0.2462935298681259,100.0,50.0,4.0,2,burgers_grid_clean
burgers,grid,0.0,0.0,10.0,1.0,200.0,fixed,0.4625536322316179,0.279473602771759,200.0,50.0,4.0,2,burgers_grid_clean
burgers,grid,0.0,0.0,10.0,1.0,300.0,fixed,0.5025277976635935,0.3061127960681915,300.0,50.0,4.0,2,burgers_grid_clean
burgers,grid,0.0,0.0,10.0,10.0,100.0,fixed,0.3422424088637193,0.0621773228049278,100.0,50.0,4.0,2,burgers_grid_clean
burgers,grid,0.0,0.0,10.0,10.0,200.0,fixed,0.4435691764604282,0.0675775110721588,200.0,50.0,4.0,2,burgers_grid_clean
burgers,grid,0.0,0.0,10.0,10.0,300.0,fixed,0.5289797323337058,0.0937451273202896,300.0,50.0,4.0,2,burgers_grid_clean
burgers,grid,0.0,0.0,1.0,1.0,100.0,fixed,0.5144678306338397,0.0779143273830413,100.0,50.0,4.0,3,burgers_grid_clean
burgers,grid,0.0,0.0,1.0,1.0,200.0,fixed,0.443661833747092,0.0804432779550552,200.0,50.0,4.0,3,burgers_grid_clean
burgers,grid,0.0,0.0,1.0,1.0,300.0,fixed,0.480980957780404,0.0843480005860328,300.0,50.0,4.0,3,burgers_grid_clean
burgers,grid,0.0,0.0,1.0,10.0,100.0,fixed,0.5930823648267606,0.0232105869799852,100.0,50.0,4.0,3,burgers_grid_clean
burgers,grid,0.0,0.0,1.0,10.0,200.0,fixed,0.6469164730244117,0.0287912171334028,200.0,50.0,4.0,3,burgers_grid_clean
burgers,grid,0.0,0.0,1.0,10.0,300.0,fixed,0.726321742318772,0.0317703634500503,300.0,50.0,4.0,3,burgers_grid_clean
burgers,grid,0.0,0.0,10.0,1.0,100.0,fixed,0.7366091560045872,0.212550014257431,100.0,50.0,4.0,3,burgers_grid_clean
burgers,grid,0.0,0.0,10.0,1.0,200.0,fixed,0.4844798798935959,0.3025045692920685,200.0,50.0,4.0,3,burgers_grid_clean
burgers,grid,0.0,0.0,10.0,1.0,300.0,fixed,0.4647342383057723,0.3273075819015503,300.0,50.0,4.0,3,burgers_grid_clean
burgers,grid,0.0,0.0,10.0,10.0,100.0,fixed,0.5204985931412038,0.0714749693870544,100.0,50.0,4.0,3,burgers_grid_clean
burgers,grid,0.0,0.0,10.0,10.0,200.0,fixed,0.5024253149552008,0.0919302552938461,200.0,50.0,4.0,3,burgers_grid_clean
burgers,grid,0.0,0.0,10.0,10.0,300.0,fixed,0.3883362379031752,0.0759018436074256,300.0,50.0,4.0,3,burgers_grid_clean
burgers,grid,0.0,0.0,1.0,1.0,100.0,fixed,0.2946170442824233,0.0667457282543182,100.0,50.0,4.0,4,burgers_grid_clean
burgers,grid,0.0,0.0,1.0,1.0,200.0,fixed,0.4524988464937152,0.0740117952227592,200.0,50.0,4.0,4,burgers_grid_clean
burgers,grid,0.0,0.0,1.0,1.0,300.0,fixed,0.4700989233877219,0.0822300016880035,300.0,50.0,4.0,4,burgers_grid_clean
burgers,grid,0.0,0.0,1.0,10.0,100.0,fixed,0.6235171042466079,0.023473847657442,100.0,50.0,4.0,4,burgers_grid_clean
burgers,grid,0.0,0.0,1.0,10.0,200.0,fixed,0.7401328471958881,0.031495451927185,200.0,50.0,4.0,4,burgers_grid_clean
burgers,grid,0.0,0.0,1.0,10.0,300.0,fixed,0.6532611619511106,0.027784077450633,300.0,50.0,4.0,4,burgers_grid_clean
burgers,grid,0.0,0.0,10.0,1.0,100.0,fixed,0.533807187891014,0.2845996916294098,100.0,50.0,4.0,4,burgers_grid_clean
burgers,grid,0.0,0.0,10.0,1.0,200.0,fixed,0.4677730416126766,0.28833869099617,200.0,50.0,4.0,4,burgers_grid_clean
burgers,grid,0.0,0.0,10.0,1.0,300.0,fixed,0.4100980385689589,0.24518783390522,300.0,50.0,4.0,4,burgers_grid_clean
burgers,grid,0.0,0.0,10.0,10.0,100.0,fixed,0.5117379198743203,0.0979151502251625,100.0,50.0,4.0,4,burgers_grid_clean
burgers,grid,0.0,0.0,10.0,10.0,200.0,fixed,0.5273905472932285,0.0905439183115959,200.0,50.0,4.0,4,burgers_grid_clean
burgers,grid,0.0,0.0,10.0,10.0,300.0,fixed,0.5454773747646162,0.111782506108284,300.0,50.0,4.0,4,burgers_grid_clean
burgers,grid_gradnorm,0.0,0.0,1.0,1.0,100.0,gradnorm,0.7283912460837763,0.0622282698750495,100.0,50.0,4.0,0,burgers_grid_gradnorm
burgers,grid_gradnorm,0.0,0.0,1.0,1.0,200.0,gradnorm,1.006587275176409,0.001322051975876,200.0,50.0,4.0,0,burgers_grid_gradnorm
burgers,grid_gradnorm,0.0,0.0,1.0,1.0,300.0,gradnorm,0.8877019177631377,0.0063328961841762,300.0,50.0,4.0,0,burgers_grid_gradnorm
burgers,grid_gradnorm,0.0,0.0,1.0,1.0,100.0,gradnorm,1.0081163347222233,0.0011642928002402,100.0,50.0,4.0,1,burgers_grid_gradnorm
burgers,grid_gradnorm,0.0,0.0,1.0,1.0,200.0,gradnorm,0.8913286156888439,0.0056651830673217,200.0,50.0,4.0,1,burgers_grid_gradnorm
burgers,grid_gradnorm,0.0,0.0,1.0,1.0,300.0,gradnorm,0.8956351260049847,0.0054217460565268,300.0,50.0,4.0,1,burgers_grid_gradnorm
burgers,grid_gradnorm,0.0,0.0,1.0,1.0,100.0,gradnorm,0.8971435431258691,0.0051625873893499,100.0,50.0,4.0,2,burgers_grid_gradnorm
burgers,grid_gradnorm,0.0,0.0,1.0,1.0,200.0,gradnorm,0.8302985790212883,0.0151144694536924,200.0,50.0,4.0,2,burgers_grid_gradnorm
burgers,grid_gradnorm,0.0,0.0,1.0,1.0,300.0,gradnorm,0.9744676905324696,0.0014976542443037,300.0,50.0,4.0,2,burgers_grid_gradnorm
burgers,grid_gradnorm,0.0,0.0,1.0,1.0,100.0,gradnorm,0.8927490679344985,0.0061285342089831,100.0,50.0,4.0,3,burgers_grid_gradnorm
burgers,grid_gradnorm,0.0,0.0,1.0,1.0,200.0,gradnorm,0.969657714904001,0.0019374531693756,200.0,50.0,4.0,3,burgers_grid_gradnorm
burgers,grid_gradnorm,0.0,0.0,1.0,1.0,300.0,gradnorm,1.0524525989957836,0.0054418020881712,300.0,50.0,4.0,3,burgers_grid_gradnorm
burgers,grid_gradnorm,0.0,0.0,1.0,1.0,100.0,gradnorm,0.9790154818527704,0.0017643966712057,100.0,50.0,4.0,4,burgers_grid_gradnorm
burgers,grid_gradnorm,0.0,0.0,1.0,1.0,200.0,gradnorm,1.1179155144347506,0.0049434029497206,200.0,50.0,4.0,4,burgers_grid_gradnorm
burgers,grid_gradnorm,0.0,0.0,1.0,1.0,300.0,gradnorm,0.9827707274555268,0.0012680378276854,300.0,50.0,4.0,4,burgers_grid_gradnorm
burgers,grid_relobralo,0.0,0.0,1.0,1.0,100.0,relobralo,0.5228297838888648,0.0643562003970146,100.0,50.0,4.0,0,burgers_grid_relobralo
burgers,grid_relobralo,0.0,0.0,1.0,1.0,200.0,relobralo,0.482340015012748,0.0548002943396568,200.0,50.0,4.0,0,burgers_grid_relobralo
burgers,grid_relobralo,0.0,0.0,1.0,1.0,300.0,relobralo,0.4961368398605897,0.0571192055940628,300.0,50.0,4.0,0,burgers_grid_relobralo
burgers,grid_relobralo,0.0,0.0,1.0,1.0,100.0,relobralo,0.4557758938637095,0.0586075633764267,100.0,50.0,4.0,1,burgers_grid_relobralo
burgers,grid_relobralo,0.0,0.0,1.0,1.0,200.0,relobralo,0.4756883917655184,0.0758178904652595,200.0,50.0,4.0,1,burgers_grid_relobralo
burgers,grid_relobralo,0.0,0.0,1.0,1.0,300.0,relobralo,0.5098841348192159,0.0698899403214454,300.0,50.0,4.0,1,burgers_grid_relobralo
burgers,grid_relobralo,0.0,0.0,1.0,1.0,100.0,relobralo,0.468464923327223,0.0615008547902107,100.0,50.0,4.0,2,burgers_grid_relobralo
burgers,grid_relobralo,0.0,0.0,1.0,1.0,200.0,relobralo,0.5649165840050975,0.0734855234622955,200.0,50.0,4.0,2,burgers_grid_relobralo
burgers,grid_relobralo,0.0,0.0,1.0,1.0,300.0,relobralo,0.5698583300730614,0.0689966455101966,300.0,50.0,4.0,2,burgers_grid_relobralo
burgers,grid_relobralo,0.0,0.0,1.0,1.0,100.0,relobralo,0.5718799516813865,0.0709167048335075,100.0,50.0,4.0,3,burgers_grid_relobralo
burgers,grid_relobralo,0.0,0.0,1.0,1.0,200.0,relobralo,0.5018563762916698,0.0585218630731105,200.0,50.0,4.0,3,burgers_grid_relobralo
burgers,grid_relobralo,0.0,0.0,1.0,1.0,300.0,relobralo,0.5259301265480117,0.0658180490136146,300.0,50.0,4.0,3,burgers_grid_relobralo
burgers,grid_relobralo,0.0,0.0,1.0,1.0,100.0,relobralo,0.3507427785212791,0.0706489831209182,100.0,50.0,4.0,4,burgers_grid_relobralo
burgers,grid_relobralo,0.0,0.0,1.0,1.0,200.0,relobralo,0.5268089908372837,0.0606071576476097,200.0,50.0,4.0,4,burgers_grid_relobralo
burgers,grid_relobralo,0.0,0.0,1.0,1.0,300.0,relobralo,0.5174187517645847,0.0703106001019477,300.0,50.0,4.0,4,burgers_grid_relobralo
burgers,nsga2,0.0,0.0,0.0462418344125753,4.71407873165487,140.0,,0.913136566079749,0.0031479236204177,140.0,,,0,burgers_nsga2_clean
burgers,nsga2,0.0,0.0,2.9978191934833105,0.6334266628308227,66.0,,0.3147059077061838,0.0641916990280151,66.0,,,0,burgers_nsga2_clean
burgers,nsga2,0.0,0.0,9.842788454096372,5.320964850068389,50.0,,0.3616764092788703,0.0538922697305679,50.0,,,0,burgers_nsga2_clean
burgers,nsga2,0.0,0.0,0.0216152006565138,8.358005801608257,156.0,,0.904634102900652,0.0019759631250053,156.0,,,0,burgers_nsga2_clean
burgers,nsga2,0.0,0.0,0.0462418344125753,9.773000138301006,489.0,,0.8964962517134896,0.0026480425149202,489.0,,,0,burgers_nsga2_clean
burgers,nsga2,0.0,0.0,9.371154079858488,5.320964850068389,50.0,,0.3469831949186749,0.076397493481636,50.0,,,0,burgers_nsga2_clean
burgers,nsga2,0.0,0.0,0.1662598276497624,8.132889121763524,461.0,,0.7155213691943307,0.0104465316981077,461.0,,,0,burgers_nsga2_clean
burgers,nsga2,0.0,0.0,0.0918805008027056,8.46177458944666,242.0,,0.8375381983798472,0.0055253272876143,242.0,,,0,burgers_nsga2_clean
burgers,nsga2,0.0,0.0,6.183791572645537,8.090072116019613,75.0,,0.5123171625727719,0.0209947973489761,75.0,,,0,burgers_nsga2_clean
burgers,nsga2,0.0,0.0,0.3173215168306749,8.375005133726098,50.0,,0.6161395325836421,0.0164252743124961,50.0,,,0,burgers_nsga2_clean
burgers,nsga2,0.0,0.0,3.1117772248272835,5.320964850068389,50.0,,0.4516210537388041,0.0252610966563224,50.0,,,0,burgers_nsga2_clean
burgers,nsga2,0.0,0.0,9.220332693194242,4.986270337542315,51.0,,0.42755570322765,0.0339134819805622,51.0,,,0,burgers_nsga2_clean
burgers,nsga2,0.0,0.0,9.516281253530323,8.132889121763524,52.0,,0.3326277385120028,0.0490567274391651,52.0,,,0,burgers_nsga2_clean
burgers,nsga2,0.0,0.0,0.1061147862415463,4.741733963335175,98.0,,0.8293596620311449,0.0129238441586494,98.0,,,0,burgers_nsga2_clean
burgers,nsga2,0.0,0.0,6.0400435793865,8.095778476085115,57.0,,0.3479171510885224,0.0360261909663677,57.0,,,0,burgers_nsga2_clean
burgers,nsga2,0.0,0.0,0.0010284191698828,9.710166014644376,78.0,,0.942749587997082,0.0010870427358895,78.0,,,1,burgers_nsga2_clean
burgers,nsga2,0.0,0.0,8.400833632774942,9.323698122811424,70.0,,0.5443917340456543,0.0582587122917175,70.0,,,1,burgers_nsga2_clean
burgers,nsga2,0.0,0.0,9.317838294184682,9.999702782456469,78.0,,0.3818528902351081,0.0674957185983657,78.0,,,1,burgers_nsga2_clean
burgers,nsga2,0.0,0.0,9.918058417633109,9.710166014644376,89.0,,0.3273552332651473,0.0436089746654033,89.0,,,1,burgers_nsga2_clean
burgers,nsga2,0.0,0.0,0.2927896091381781,6.468795107350186,297.0,,0.7615030982746958,0.0140972984954714,297.0,,,1,burgers_nsga2_clean
burgers,nsga2,0.0,0.0,0.3784662113293766,9.31830159558806,105.0,,0.68793937284294,0.0212609637528657,105.0,,,1,burgers_nsga2_clean
burgers,nsga2,0.0,0.0,1.6212532217170357,6.53671100460481,242.0,,0.5033068489602556,0.0392717123031616,242.0,,,1,burgers_nsga2_clean
burgers,nsga2,0.0,0.0,1.6212532217170357,6.7202301818986685,246.0,,0.4337438396148904,0.0387090593576431,246.0,,,1,burgers_nsga2_clean
burgers,nsga2,0.0,0.0,8.394758357233162,9.320993755185487,70.0,,0.5882554107186286,0.0229717940092086,70.0,,,1,burgers_nsga2_clean
burgers,nsga2,0.0,0.0,0.3968891737653644,5.214063731915989,257.0,,0.6076426215365278,0.0193827357143163,257.0,,,1,burgers_nsga2_clean
burgers,nsga2,0.0,0.0,9.972953106297044,9.710166014644376,81.0,,0.3770961543655225,0.0543525367975235,81.0,,,1,burgers_nsga2_clean
burgers,nsga2,0.0,0.0,0.2810390949050232,9.188651069325774,73.0,,0.7809134115582176,0.0119129177182912,73.0,,,1,burgers_nsga2_clean
burgers,nsga2,0.0,0.0,0.0914785239858588,5.428175370925684,78.0,,0.8492027358117212,0.0091072544455528,78.0,,,1,burgers_nsga2_clean
burgers,nsga2,0.0,0.0,0.3968891737653644,9.937573443706366,257.0,,0.7557286027033708,0.0144996456801891,257.0,,,1,burgers_nsga2_clean
burgers,nsga2,0.0,0.0,0.0946122891324786,9.192149854205466,72.0,,0.8918286489291537,0.0055205258540809,72.0,,,1,burgers_nsga2_clean
burgers,nsga2,0.0,0.0,2.06727389831815,6.529319971128758,50.0,,0.4722154541514192,0.0410469099879264,50.0,,,2,burgers_nsga2_clean
burgers,nsga2,0.0,0.0,0.6094884576492324,9.517258918717308,388.0,,0.6276185576948702,0.0196121763437986,388.0,,,2,burgers_nsga2_clean
burgers,nsga2,0.0,0.0,0.1202234150555397,9.10655910976535,374.0,,0.872608909634336,0.0088567668572068,374.0,,,2,burgers_nsga2_clean
burgers,nsga2,0.0,0.0,8.532928787644412,6.286952832097254,93.0,,0.259301924104624,0.0757222399115562,93.0,,,2,burgers_nsga2_clean
burgers,nsga2,0.0,0.0,2.0198725678469738,8.844612287209246,356.0,,0.5552054143648254,0.0360338240861892,356.0,,,2,burgers_nsga2_clean
burgers,nsga2,0.0,0.0,0.2391430224485607,9.040021083844556,153.0,,0.855057954425016,0.0149109531193971,153.0,,,2,burgers_nsga2_clean
burgers,nsga2,0.0,0.0,2.0198725678469738,9.040354113880545,210.0,,0.5670511680731594,0.0352846272289752,210.0,,,2,burgers_nsga2_clean
burgers,nsga2,0.0,0.0,8.532928787644412,6.688583686242012,93.0,,0.2682738876303291,0.0459357909858226,93.0,,,2,burgers_nsga2_clean
burgers,nsga2,0.0,0.0,8.060535033246406,6.601459157321276,70.0,,0.3027650186900104,0.07286137342453,70.0,,,2,burgers_nsga2_clean
burgers,nsga2,0.0,0.0,8.532928787644412,6.286952832097254,60.0,,0.3607385825615499,0.0567433610558509,60.0,,,2,burgers_nsga2_clean
burgers,nsga2,0.0,0.0,7.941527125288574,6.438936693234134,55.0,,0.3808062994880505,0.0538892857730388,55.0,,,2,burgers_nsga2_clean
burgers,nsga2,0.0,0.0,0.4382800018799184,9.428934370344184,93.0,,0.7741178267822891,0.0154277151450514,93.0,,,2,burgers_nsga2_clean
burgers,nsga2,0.0,0.0,0.6094884576492324,9.644512675507825,67.0,,0.6693966653637998,0.024603446945548,67.0,,,2,burgers_nsga2_clean
burgers,nsga2,0.0,0.0,0.7090943473416824,9.635771241838253,87.0,,0.699587710078603,0.0217158459126949,87.0,,,2,burgers_nsga2_clean
burgers,nsga2,0.0,0.0,0.532366163922579,5.909527838623065,207.0,,0.5785718627921365,0.022363256663084,207.0,,,2,burgers_nsga2_clean
burgers,nsga2,0.0,0.0,8.173116512468587,2.929165989757077,51.0,,0.3001137349681048,0.0337631478905677,51.0,,,3,burgers_nsga2_clean
burgers,nsga2,0.0,0.0,0.6983527668864573,2.9590313205937644,53.0,,0.407081079730256,0.0284541193395853,53.0,,,3,burgers_nsga2_clean
burgers,nsga2,0.0,0.0,0.2021910318960498,3.5329400361220267,108.0,,0.6211482618327471,0.0221925769001245,108.0,,,3,burgers_nsga2_clean
burgers,nsga2,0.0,0.0,6.31426825495793,2.776387719380274,50.0,,0.2610557861527954,0.0370161794126033,50.0,,,3,burgers_nsga2_clean
burgers,nsga2,0.0,0.0,0.1471636032404384,3.501425185396544,51.0,,0.7678545316431319,0.016724269837141,51.0,,,3,burgers_nsga2_clean
burgers,nsga2,0.0,0.0,0.1471636032404384,3.6028076157163875,110.0,,0.6931170622753351,0.0184441953897476,110.0,,,3,burgers_nsga2_clean
burgers,nsga2,0.0,0.0,0.048282044703259,3.068988449322104,279.0,,0.8890452101963646,0.0052515510469675,279.0,,,3,burgers_nsga2_clean
burgers,nsga2,0.0,0.0,0.2021910318960498,3.5329400361220267,50.0,,0.799688212376986,0.0235784407705068,50.0,,,3,burgers_nsga2_clean
burgers,nsga2,0.0,0.0,6.3181440939154205,2.776387719380274,50.0,,0.3185046221511383,0.0287176519632339,50.0,,,3,burgers_nsga2_clean
burgers,nsga2,0.0,0.0,0.1221806120128801,3.5329400361220267,50.0,,0.8356030009044109,0.0166581366211175,50.0,,,3,burgers_nsga2_clean
burgers,nsga2,0.0,0.0,0.1520232905293296,9.845371296707714,476.0,,0.8730744918409435,0.0082353726029396,476.0,,,4,burgers_nsga2_clean
burgers,nsga2,0.0,0.0,0.0020178481871755,6.351342337577274,166.0,,0.941040869685242,0.0008386843255721,166.0,,,4,burgers_nsga2_clean
burgers,nsga2,0.0,0.0,9.817462411759715,6.073950964118302,61.0,,0.344155500764344,0.0918276160955429,61.0,,,4,burgers_nsga2_clean
burgers,nsga2,0.0,0.0,9.567554402430826,6.373977228864657,157.0,,0.2816055084650635,0.0741017535328865,157.0,,,4,burgers_nsga2_clean
burgers,nsga2,0.0,0.0,0.8092794029321263,6.073950964118302,219.0,,0.5391475657439714,0.0262385327368974,219.0,,,4,burgers_nsga2_clean
burgers,nsga2,0.0,0.0,9.105846743589858,4.783247870664996,98.0,,0.4373502776491152,0.0484868809580802,98.0,,,4,burgers_nsga2_clean
burgers,nsga2,0.0,0.0,0.1513387388953485,6.073950964118302,341.0,,0.76780559201439,0.0133001878857612,341.0,,,4,burgers_nsga2_clean
burgers,nsga2,0.0,0.0,0.6851140701141719,9.837483683164605,268.0,,0.7497592068339054,0.0227066166698932,268.0,,,4,burgers_nsga2_clean
burgers,nsga2,0.0,0.0,0.1513387388953485,6.073950964118302,449.0,,0.8260241875469978,0.0121994027867913,449.0,,,4,burgers_nsga2_clean
burgers,nsga2,0.0,0.0,9.703959201354524,9.962476799326028,111.0,,0.3284369812476064,0.0580441169440746,111.0,,,4,burgers_nsga2_clean
burgers,nsga2,0.0,0.0,9.105846743589858,5.0334435035505285,96.0,,0.38850581634277,0.0801068320870399,96.0,,,4,burgers_nsga2_clean
burgers,nsga2,0.0,0.0,9.345246512406003,5.113764200590802,117.0,,0.3144228980474122,0.0539125129580497,117.0,,,4,burgers_nsga2_clean
burgers,nsga2,0.0,0.0,0.4750340720867417,6.015098438788106,61.0,,0.6337701489919478,0.0258212871849536,61.0,,,4,burgers_nsga2_clean
burgers,nsga2,0.0,0.0,0.6851140701141719,9.92505073619974,265.0,,0.6743417374175085,0.0237693693488836,265.0,,,4,burgers_nsga2_clean
burgers,nsga2,0.0,0.0,0.3047777427613392,9.952133339690802,70.0,,0.7552416279133153,0.0134803969413042,70.0,,,4,burgers_nsga2_clean
burgers,nsga3,0.0,0.0,9.350789165453897,8.1587196876612,51.0,,0.4044654258449847,0.0350342914462089,51.0,,,0,burgers_nsga3_clean
burgers,nsga3,0.0,0.0,6.88477885897883,4.675116150801699,114.0,,0.2629832732666823,0.058556281030178,114.0,,,0,burgers_nsga3_clean
burgers,nsga3,0.0,0.0,6.450779192175442,2.6985973509249392,59.0,,0.3309279472932371,0.0478298477828502,59.0,,,0,burgers_nsga3_clean
burgers,nsga3,0.0,0.0,0.1662598276497624,8.132889121763524,457.0,,0.814008104196877,0.0101983603090047,457.0,,,0,burgers_nsga3_clean
burgers,nsga3,0.0,0.0,0.3968891737653644,5.286364043336957,257.0,,0.5968539969310358,0.0258141383528709,257.0,,,1,burgers_nsga3_clean
burgers,nsga3,0.0,0.0,4.978705397213514,7.5453225510866435,114.0,,0.2862150698363282,0.0490559078752994,114.0,,,1,burgers_nsga3_clean
burgers,nsga3,0.0,0.0,0.2765635733174406,9.725049499487676,292.0,,0.7920848224637717,0.0122166937217116,292.0,,,1,burgers_nsga3_clean
burgers,nsga3,0.0,0.0,1.2475902079044163,7.888205673417476,115.0,,0.4419174538422472,0.0276344381272792,115.0,,,1,burgers_nsga3_clean
burgers,nsga3,0.0,0.0,0.3660891498428729,6.130420007229352,302.0,,0.6698553427237097,0.0190299954265356,302.0,,,1,burgers_nsga3_clean
burgers,nsga3,0.0,0.0,7.0543413804035024,7.728659478382194,97.0,,0.3650337520190407,0.055177628993988,97.0,,,2,burgers_nsga3_clean
burgers,nsga3,0.0,0.0,0.4234553510388887,5.8712772254591465,404.0,,0.6786377886142853,0.0234699007123708,404.0,,,2,burgers_nsga3_clean
burgers,nsga3,0.0,0.0,2.0383485914597745,6.438275106487172,116.0,,0.4138771473041254,0.0412645265460014,116.0,,,2,burgers_nsga3_clean
burgers,nsga3,0.0,0.0,2.546788558381226,2.985612942997819,97.0,,0.3931869230149974,0.0443896278738975,97.0,,,2,burgers_nsga3_clean
burgers,nsga3,0.0,0.0,6.9624637507048845,2.927914769375859,51.0,,0.4735524614227455,0.0510761924088001,51.0,,,3,burgers_nsga3_clean
burgers,nsga3,0.0,0.0,7.7412740582868755,3.937254265148865,59.0,,0.3715976610495303,0.0549854487180709,59.0,,,3,burgers_nsga3_clean
burgers,nsga3,0.0,0.0,1.2507211226125978,8.627516002822937,107.0,,0.5602849450241152,0.0278196856379508,107.0,,,3,burgers_nsga3_clean
burgers,nsga3,0.0,0.0,1.6136427791225805,7.584703995371301,51.0,,0.5272857109271796,0.0322208888828754,51.0,,,3,burgers_nsga3_clean
burgers,nsga3,0.0,0.0,3.997162555083397,6.130262104305261,138.0,,0.3879779733968583,0.0474041365087032,138.0,,,3,burgers_nsga3_clean
burgers,nsga3,0.0,0.0,3.7065208229731006,0.8498628268825149,105.0,,0.3558192387828477,0.1001618131995201,105.0,,,3,burgers_nsga3_clean
burgers,nsga3,0.0,0.0,8.216212264226478,6.311867480693047,54.0,,0.3175452168102433,0.0436853095889091,54.0,,,4,burgers_nsga3_clean
burgers,nsga3,0.0,0.0,1.4912917472219385,6.993737938522589,468.0,,0.5365574921464945,0.0389099270105361,468.0,,,4,burgers_nsga3_clean
burgers,nsga3,0.0,0.0,0.3710919456480361,9.150656955200484,298.0,,0.7599987697795646,0.0160614252090454,298.0,,,4,burgers_nsga3_clean
burgers,nsga3,0.0,0.0,0.3413697537061666,9.09405759342786,145.0,,0.7519781539988446,0.0161198936402797,145.0,,,4,burgers_nsga3_clean
burgers,nsga3,0.0,0.0,1.2296712179541247,5.532586573543142,54.0,,0.624302986094508,0.0432679504156112,54.0,,,4,burgers_nsga3_clean
burgers,nsga3,0.0,0.0,8.166266753722706,6.311867480693047,53.0,,0.3565257060880668,0.0923244580626487,53.0,,,4,burgers_nsga3_clean
burgers,nsga3,0.0,0.0,0.7199737031531294,4.773973417945141,146.0,,0.7442135737526874,0.040522065013647,146.0,,,4,burgers_nsga3_clean
burgers,moead,0.0,0.0,3.0302463512165403,4.350007559926937,50.0,,0.385126404599947,0.0404919199645519,50.0,,,0,burgers_moead_clean
burgers,moead,0.0,0.0,3.0302463512165403,4.350007559926937,50.0,,0.385126404599947,0.0404919199645519,50.0,,,0,burgers_moead_clean
burgers,moead,0.0,0.0,3.0302463512165403,4.350007559926937,50.0,,0.385126404599947,0.0404919199645519,50.0,,,0,burgers_moead_clean
burgers,moead,0.0,0.0,3.0302463512165403,4.350007559926937,50.0,,0.385126404599947,0.0404919199645519,50.0,,,0,burgers_moead_clean
burgers,moead,0.0,0.0,3.0302463512165403,4.350007559926937,50.0,,0.385126404599947,0.0404919199645519,50.0,,,0,burgers_moead_clean
burgers,moead,0.0,0.0,3.0302463512165403,4.350007559926937,50.0,,0.385126404599947,0.0404919199645519,50.0,,,0,burgers_moead_clean
burgers,moead,0.0,0.0,3.0302463512165403,4.350007559926937,50.0,,0.385126404599947,0.0404919199645519,50.0,,,0,burgers_moead_clean
burgers,moead,0.0,0.0,3.0302463512165403,4.350007559926937,50.0,,0.385126404599947,0.0404919199645519,50.0,,,0,burgers_moead_clean
burgers,moead,0.0,0.0,3.0302463512165403,4.350007559926937,50.0,,0.385126404599947,0.0404919199645519,50.0,,,0,burgers_moead_clean
burgers,moead,0.0,0.0,3.0302463512165403,4.350007559926937,50.0,,0.385126404599947,0.0404919199645519,50.0,,,0,burgers_moead_clean
burgers,moead,0.0,0.0,3.0302463512165403,4.350007559926937,50.0,,0.385126404599947,0.0404919199645519,50.0,,,0,burgers_moead_clean
burgers,moead,0.0,0.0,3.0302463512165403,4.350007559926937,50.0,,0.385126404599947,0.0404919199645519,50.0,,,0,burgers_moead_clean
burgers,moead,0.0,0.0,3.0302463512165403,4.350007559926937,50.0,,0.385126404599947,0.0404919199645519,50.0,,,0,burgers_moead_clean
burgers,moead,0.0,0.0,3.0302463512165403,4.350007559926937,50.0,,0.385126404599947,0.0404919199645519,50.0,,,0,burgers_moead_clean
burgers,moead,0.0,0.0,3.0302463512165403,4.350007559926937,50.0,,0.385126404599947,0.0404919199645519,50.0,,,0,burgers_moead_clean
burgers,moead,0.0,0.0,5.118704425377867,9.504686499563029,115.0,,0.5266559958979672,0.0583984963595867,115.0,,,1,burgers_moead_clean
burgers,moead,0.0,0.0,5.721157860812641,4.324399520161129,165.0,,0.4401818803545128,0.0820386335253715,165.0,,,1,burgers_moead_clean
burgers,moead,0.0,0.0,5.721157860812641,4.324399520161129,165.0,,0.4401818803545128,0.0820386335253715,165.0,,,1,burgers_moead_clean
burgers,moead,0.0,0.0,5.721157860812641,4.324399520161129,165.0,,0.4401818803545128,0.0820386335253715,165.0,,,1,burgers_moead_clean
burgers,moead,0.0,0.0,5.721157860812641,4.324399520161129,165.0,,0.4401818803545128,0.0820386335253715,165.0,,,1,burgers_moead_clean
burgers,moead,0.0,0.0,5.721157860812641,4.324399520161129,165.0,,0.4401818803545128,0.0820386335253715,165.0,,,1,burgers_moead_clean
burgers,moead,0.0,0.0,7.272725726838392,0.9281748792191568,51.0,,0.2364942943479235,0.0962613597512245,51.0,,,2,burgers_moead_clean
burgers,moead,0.0,0.0,7.272725726838392,0.9281748792191568,50.0,,0.4424218049379332,0.3080140352249145,50.0,,,2,burgers_moead_clean
burgers,moead,0.0,0.0,7.272725726838392,0.9281748792191568,50.0,,0.4424218049379332,0.3080140352249145,50.0,,,2,burgers_moead_clean
burgers,moead,0.0,0.0,7.272725726838392,0.9281748792191568,50.0,,0.4424218049379332,0.3080140352249145,50.0,,,2,burgers_moead_clean
burgers,moead,0.0,0.0,7.272725726838392,0.9281748792191568,50.0,,0.4424218049379332,0.3080140352249145,50.0,,,2,burgers_moead_clean
burgers,moead,0.0,0.0,7.272725726838392,0.9281748792191568,50.0,,0.4424218049379332,0.3080140352249145,50.0,,,2,burgers_moead_clean
burgers,moead,0.0,0.0,7.272725726838392,0.9281748792191568,50.0,,0.4424218049379332,0.3080140352249145,50.0,,,2,burgers_moead_clean
burgers,moead,0.0,0.0,7.272725726838392,0.9281748792191568,50.0,,0.4424218049379332,0.3080140352249145,50.0,,,2,burgers_moead_clean
burgers,moead,0.0,0.0,7.272725726838392,0.9281748792191568,50.0,,0.4424218049379332,0.3080140352249145,50.0,,,2,burgers_moead_clean
burgers,moead,0.0,0.0,7.272725726838392,0.9281748792191568,50.0,,0.4424218049379332,0.3080140352249145,50.0,,,2,burgers_moead_clean
burgers,moead,0.0,0.0,7.272725726838392,0.9281748792191568,50.0,,0.4424218049379332,0.3080140352249145,50.0,,,2,burgers_moead_clean
burgers,moead,0.0,0.0,7.272725726838392,0.9281748792191568,50.0,,0.4424218049379332,0.3080140352249145,50.0,,,2,burgers_moead_clean
burgers,moead,0.0,0.0,7.272725726838392,0.9281748792191568,50.0,,0.4424218049379332,0.3080140352249145,50.0,,,2,burgers_moead_clean
burgers,moead,0.0,0.0,7.272725726838392,0.9281748792191568,50.0,,0.4424218049379332,0.3080140352249145,50.0,,,2,burgers_moead_clean
burgers,moead,0.0,0.0,7.272725726838392,0.9281748792191568,50.0,,0.4424218049379332,0.3080140352249145,50.0,,,2,burgers_moead_clean
burgers,moead,0.0,0.0,5.959681608877505,6.9025006869858085,50.0,,0.2754794299440978,0.0316287577152252,50.0,,,3,burgers_moead_clean
burgers,moead,0.0,0.0,5.959681608877505,6.9025006869858085,50.0,,0.2754794299440978,0.0316287577152252,50.0,,,3,burgers_moead_clean
burgers,moead,0.0,0.0,5.959681608877505,6.9025006869858085,50.0,,0.2754794299440978,0.0316287577152252,50.0,,,3,burgers_moead_clean
burgers,moead,0.0,0.0,5.959681608877505,6.9025006869858085,50.0,,0.2754794299440978,0.0316287577152252,50.0,,,3,burgers_moead_clean
burgers,moead,0.0,0.0,5.983043672763745,6.9067245485631945,50.0,,0.3240371833139785,0.0215439740568399,50.0,,,3,burgers_moead_clean
burgers,moead,0.0,0.0,5.983043672763745,6.9067245485631945,50.0,,0.3240371833139785,0.0215439740568399,50.0,,,3,burgers_moead_clean
burgers,moead,0.0,0.0,5.959681608877505,6.9025006869858085,50.0,,0.2754794299440978,0.0316287577152252,50.0,,,3,burgers_moead_clean
burgers,moead,0.0,0.0,5.959681608877505,6.9025006869858085,50.0,,0.2754794299440978,0.0316287577152252,50.0,,,3,burgers_moead_clean
burgers,moead,0.0,0.0,5.959681608877505,6.9025006869858085,50.0,,0.2754794299440978,0.0316287577152252,50.0,,,3,burgers_moead_clean
burgers,moead,0.0,0.0,5.959681608877505,6.9025006869858085,50.0,,0.2754794299440978,0.0316287577152252,50.0,,,3,burgers_moead_clean
burgers,moead,0.0,0.0,5.959681608877505,6.9025006869858085,50.0,,0.2754794299440978,0.0316287577152252,50.0,,,3,burgers_moead_clean
burgers,moead,0.0,0.0,5.959681608877505,6.9025006869858085,50.0,,0.2754794299440978,0.0316287577152252,50.0,,,3,burgers_moead_clean
burgers,moead,0.0,0.0,5.959681608877505,6.9025006869858085,50.0,,0.2910331953869006,0.0306245032697916,50.0,,,3,burgers_moead_clean
burgers,moead,0.0,0.0,5.959681608877505,6.9025006869858085,50.0,,0.2754794299440978,0.0316287577152252,50.0,,,3,burgers_moead_clean
burgers,moead,0.0,0.0,5.959681608877505,6.9025006869858085,50.0,,0.2754794299440978,0.0316287577152252,50.0,,,3,burgers_moead_clean
burgers,moead,0.0,0.0,5.959681608877505,6.9025006869858085,50.0,,0.2754794299440978,0.0316287577152252,50.0,,,3,burgers_moead_clean
burgers,moead,0.0,0.0,5.959681608877505,6.9025006869858085,50.0,,0.2910331953869006,0.0306245032697916,50.0,,,3,burgers_moead_clean
burgers,moead,0.0,0.0,5.959681608877505,6.9025006869858085,50.0,,0.2754794299440978,0.0316287577152252,50.0,,,3,burgers_moead_clean
burgers,moead,0.0,0.0,5.959681608877505,6.9025006869858085,50.0,,0.2754794299440978,0.0316287577152252,50.0,,,3,burgers_moead_clean
burgers,moead,0.0,0.0,5.959681608877505,6.9025006869858085,50.0,,0.2910331953869006,0.0306245032697916,50.0,,,3,burgers_moead_clean
burgers,moead,0.0,0.0,5.959681608877505,6.9025006869858085,50.0,,0.2910331953869006,0.0306245032697916,50.0,,,3,burgers_moead_clean
burgers,moead,0.0,0.0,5.959681608877505,6.9025006869858085,50.0,,0.2910331953869006,0.0306245032697916,50.0,,,3,burgers_moead_clean
burgers,moead,0.0,0.0,5.959681608877505,6.9025006869858085,50.0,,0.2910331953869006,0.0306245032697916,50.0,,,3,burgers_moead_clean
burgers,moead,0.0,0.0,5.959681608877505,6.9025006869858085,50.0,,0.2910331953869006,0.0306245032697916,50.0,,,3,burgers_moead_clean
burgers,moead,0.0,0.0,4.168564367529451,6.457384868995199,50.0,,0.276376434315507,0.0312111545354127,50.0,,,4,burgers_moead_clean
burgers,moead,0.0,0.0,4.168564367529451,6.457384868995199,50.0,,0.276376434315507,0.0312111545354127,50.0,,,4,burgers_moead_clean
burgers,moead,0.0,0.0,4.168564367529451,6.457384868995199,50.0,,0.276376434315507,0.0312111545354127,50.0,,,4,burgers_moead_clean
burgers,moead,0.0,0.0,4.168564367529451,6.457384868995199,50.0,,0.276376434315507,0.0312111545354127,50.0,,,4,burgers_moead_clean
burgers,moead,0.0,0.0,4.168564367529451,6.457384868995199,50.0,,0.276376434315507,0.0312111545354127,50.0,,,4,burgers_moead_clean
burgers,moead,0.0,0.0,4.168564367529451,6.457384868995199,50.0,,0.276376434315507,0.0312111545354127,50.0,,,4,burgers_moead_clean
burgers,moead,0.0,0.0,4.168564367529451,6.457384868995199,50.0,,0.276376434315507,0.0312111545354127,50.0,,,4,burgers_moead_clean
burgers,moead,0.0,0.0,4.168564367529451,6.457384868995199,50.0,,0.276376434315507,0.0312111545354127,50.0,,,4,burgers_moead_clean
burgers,moead,0.0,0.0,5.408831230478484,7.639373508466799,50.0,,0.3179008034961826,0.0207125302404165,50.0,,,4,burgers_moead_clean
burgers,moead,0.0,0.0,4.168564367529451,6.457384868995199,50.0,,0.276376434315507,0.0312111545354127,50.0,,,4,burgers_moead_clean
burgers,moead,0.0,0.0,4.168564367529451,6.457384868995199,50.0,,0.276376434315507,0.0312111545354127,50.0,,,4,burgers_moead_clean
burgers,moead,0.0,0.0,4.168564367529451,6.457384868995199,50.0,,0.276376434315507,0.0312111545354127,50.0,,,4,burgers_moead_clean
burgers,moead,0.0,0.0,4.168564367529451,6.457384868995199,50.0,,0.276376434315507,0.0312111545354127,50.0,,,4,burgers_moead_clean
burgers,moead,0.0,0.0,5.408831230478484,7.639373508466799,50.0,,0.3179008034961826,0.0207125302404165,50.0,,,4,burgers_moead_clean
burgers,moead,0.0,0.0,5.408831230478484,7.639373508466799,50.0,,0.3179008034961826,0.0207125302404165,50.0,,,4,burgers_moead_clean
burgers,moead,0.0,0.0,4.168564367529451,6.457384868995199,50.0,,0.276376434315507,0.0312111545354127,50.0,,,4,burgers_moead_clean
burgers,moead,0.0,0.0,4.168564367529451,6.457384868995199,50.0,,0.276376434315507,0.0312111545354127,50.0,,,4,burgers_moead_clean
burgers,moead,0.0,0.0,4.168564367529451,6.457384868995199,50.0,,0.276376434315507,0.0312111545354127,50.0,,,4,burgers_moead_clean
burgers,moead,0.0,0.0,5.408831230478484,7.639373508466799,50.0,,0.3179008034961826,0.0207125302404165,50.0,,,4,burgers_moead_clean
burgers,moead,0.0,0.0,5.408831230478484,7.639373508466799,50.0,,0.3179008034961826,0.0207125302404165,50.0,,,4,burgers_moead_clean
burgers,moead,0.0,0.0,5.408831230478484,7.639373508466799,50.0,,0.3047941507238024,0.0277895350009202,50.0,,,4,burgers_moead_clean
burgers,moead,0.0,0.0,5.408831230478484,7.639373508466799,50.0,,0.3047941507238024,0.0277895350009202,50.0,,,4,burgers_moead_clean
burgers,moead,0.0,0.0,5.408831230478484,7.639373508466799,50.0,,0.3047941507238024,0.0277895350009202,50.0,,,4,burgers_moead_clean
burgers,moead,0.0,0.0,5.408831230478484,7.639373508466799,50.0,,0.3047941507238024,0.0277895350009202,50.0,,,4,burgers_moead_clean
burgers,moead,0.0,0.0,5.408831230478484,7.639373508466799,50.0,,0.3047941507238024,0.0277895350009202,50.0,,,4,burgers_moead_clean
burgers,moead,0.0,0.0,5.408831230478484,7.639373508466799,50.0,,0.3047941507238024,0.0277895350009202,50.0,,,4,burgers_moead_clean
burgers,moead,0.0,0.0,5.408831230478484,7.639373508466799,50.0,,0.3047941507238024,0.0277895350009202,50.0,,,4,burgers_moead_clean
burgers,moead,0.0,0.0,5.408831230478484,7.639373508466799,50.0,,0.3047941507238024,0.0277895350009202,50.0,,,4,burgers_moead_clean
burgers,moead,0.0,0.0,5.408831230478484,7.639373508466799,50.0,,0.3047941507238024,0.0277895350009202,50.0,,,4,burgers_moead_clean
burgers,moead,0.0,0.0,5.408831230478484,7.639373508466799,50.0,,0.3047941507238024,0.0277895350009202,50.0,,,4,burgers_moead_clean
burgers,moead,0.0,0.0,5.408831230478484,7.639373508466799,50.0,,0.3047941507238024,0.0277895350009202,50.0,,,4,burgers_moead_clean
burgers,moead,0.0,0.0,5.408831230478484,7.639373508466799,50.0,,0.3047941507238024,0.0277895350009202,50.0,,,4,burgers_moead_clean
burgers,moead,0.0,0.0,5.408831230478484,7.639373508466799,50.0,,0.3047941507238024,0.0277895350009202,50.0,,,4,burgers_moead_clean
burgers,moead,0.0,0.0,5.408831230478484,7.639373508466799,50.0,,0.3047941507238024,0.0277895350009202,50.0,,,4,burgers_moead_clean
burgers,moead,0.0,0.0,5.408831230478484,7.639373508466799,50.0,,0.3047941507238024,0.0277895350009202,50.0,,,4,burgers_moead_clean
burgers,grid,20.0,0.01,1.0,1.0,100.0,fixed,0.4157152705523952,0.0581864155828952,120.0,50.0,4.0,0,burgers_grid_noisy_s01
burgers,grid,20.0,0.01,1.0,1.0,200.0,fixed,0.4136629837487354,0.0583022534847259,220.0,50.0,4.0,0,burgers_grid_noisy_s01
burgers,grid,20.0,0.01,1.0,1.0,300.0,fixed,0.4874151447100515,0.0813744217157363,320.0,50.0,4.0,0,burgers_grid_noisy_s01
burgers,grid,20.0,0.01,1.0,10.0,100.0,fixed,0.5816599123438908,0.0252497717738151,120.0,50.0,4.0,0,burgers_grid_noisy_s01
burgers,grid,20.0,0.01,1.0,10.0,200.0,fixed,0.6621723674175017,0.0270737595856189,220.0,50.0,4.0,0,burgers_grid_noisy_s01
burgers,grid,20.0,0.01,1.0,10.0,300.0,fixed,0.6180115388576028,0.0241745989769697,320.0,50.0,4.0,0,burgers_grid_noisy_s01
burgers,grid,20.0,0.01,10.0,1.0,100.0,fixed,0.4630191983760934,0.1780962496995926,120.0,50.0,4.0,0,burgers_grid_noisy_s01
burgers,grid,20.0,0.01,10.0,1.0,200.0,fixed,0.4320824542515844,0.1528257727622985,220.0,50.0,4.0,0,burgers_grid_noisy_s01
burgers,grid,20.0,0.01,10.0,1.0,300.0,fixed,0.4121536783315788,0.330394446849823,320.0,50.0,4.0,0,burgers_grid_noisy_s01
burgers,grid,20.0,0.01,10.0,10.0,100.0,fixed,0.4861805038959975,0.0811471045017242,120.0,50.0,4.0,0,burgers_grid_noisy_s01
burgers,grid,20.0,0.01,10.0,10.0,200.0,fixed,0.706782972917586,0.0892177000641822,220.0,50.0,4.0,0,burgers_grid_noisy_s01
burgers,grid,20.0,0.01,10.0,10.0,300.0,fixed,0.4469644224905638,0.0710443407297134,320.0,50.0,4.0,0,burgers_grid_noisy_s01
burgers,grid,20.0,0.01,1.0,1.0,100.0,fixed,0.330814740221533,0.0484788119792938,120.0,50.0,4.0,1,burgers_grid_noisy_s01
burgers,grid,20.0,0.01,1.0,1.0,200.0,fixed,0.4239193335247791,0.0868433862924575,220.0,50.0,4.0,1,burgers_grid_noisy_s01
burgers,grid,20.0,0.01,1.0,1.0,300.0,fixed,0.4242536216904324,0.075083740055561,320.0,50.0,4.0,1,burgers_grid_noisy_s01
burgers,grid,20.0,0.01,1.0,10.0,100.0,fixed,0.5565881924265995,0.026651969179511,120.0,50.0,4.0,1,burgers_grid_noisy_s01
burgers,grid,20.0,0.01,1.0,10.0,200.0,fixed,0.6704364738362187,0.024888776242733,220.0,50.0,4.0,1,burgers_grid_noisy_s01
burgers,grid,20.0,0.01,1.0,10.0,300.0,fixed,0.5851571303539367,0.0218393970280885,320.0,50.0,4.0,1,burgers_grid_noisy_s01
burgers,grid,20.0,0.01,10.0,1.0,100.0,fixed,0.534819180499785,0.2086433470249176,120.0,50.0,4.0,1,burgers_grid_noisy_s01
burgers,grid,20.0,0.01,10.0,1.0,200.0,fixed,0.3744769998195313,0.2790656983852386,220.0,50.0,4.0,1,burgers_grid_noisy_s01
burgers,grid,20.0,0.01,10.0,1.0,300.0,fixed,0.3853506353611087,0.2566554248332977,320.0,50.0,4.0,1,burgers_grid_noisy_s01
burgers,grid,20.0,0.01,10.0,10.0,100.0,fixed,0.5077747763679583,0.0838893204927444,120.0,50.0,4.0,1,burgers_grid_noisy_s01
burgers,grid,20.0,0.01,10.0,10.0,200.0,fixed,0.491062633004782,0.07183388620615,220.0,50.0,4.0,1,burgers_grid_noisy_s01
burgers,grid,20.0,0.01,10.0,10.0,300.0,fixed,0.444510817619858,0.0749643445014953,320.0,50.0,4.0,1,burgers_grid_noisy_s01
burgers,grid,20.0,0.01,1.0,1.0,100.0,fixed,0.528397614440144,0.0496260076761245,120.0,50.0,4.0,2,burgers_grid_noisy_s01
burgers,grid,20.0,0.01,1.0,1.0,200.0,fixed,0.4072323123140321,0.0815226584672927,220.0,50.0,4.0,2,burgers_grid_noisy_s01
burgers,grid,20.0,0.01,1.0,1.0,300.0,fixed,0.5759110585510562,0.077389970421791,320.0,50.0,4.0,2,burgers_grid_noisy_s01
burgers,grid,20.0,0.01,1.0,10.0,100.0,fixed,0.5684349560921657,0.028344202786684,120.0,50.0,4.0,2,burgers_grid_noisy_s01
burgers,grid,20.0,0.01,1.0,10.0,200.0,fixed,0.5971440062899089,0.0204748138785362,220.0,50.0,4.0,2,burgers_grid_noisy_s01
burgers,grid,20.0,0.01,1.0,10.0,300.0,fixed,0.6210240327143006,0.022625233978033,320.0,50.0,4.0,2,burgers_grid_noisy_s01
burgers,grid,20.0,0.01,10.0,1.0,100.0,fixed,0.3505078633152241,0.2000596076250076,120.0,50.0,4.0,2,burgers_grid_noisy_s01
burgers,grid,20.0,0.01,10.0,1.0,200.0,fixed,0.4201369199148961,0.2632070481777191,220.0,50.0,4.0,2,burgers_grid_noisy_s01
burgers,grid,20.0,0.01,10.0,1.0,300.0,fixed,0.5482136525208136,0.2620746791362762,320.0,50.0,4.0,2,burgers_grid_noisy_s01
burgers,grid,20.0,0.01,10.0,10.0,100.0,fixed,0.3242652967066594,0.05784697458148,120.0,50.0,4.0,2,burgers_grid_noisy_s01
burgers,grid,20.0,0.01,10.0,10.0,200.0,fixed,0.4487564314545688,0.0846104323863983,220.0,50.0,4.0,2,burgers_grid_noisy_s01
burgers,grid,20.0,0.01,10.0,10.0,300.0,fixed,0.5017210067155115,0.0889134556055069,320.0,50.0,4.0,2,burgers_grid_noisy_s01
burgers,grid,20.0,0.01,1.0,1.0,100.0,fixed,0.3434264940416648,0.0672597661614418,120.0,50.0,4.0,3,burgers_grid_noisy_s01
burgers,grid,20.0,0.01,1.0,1.0,200.0,fixed,0.5419216700821061,0.0695243775844574,220.0,50.0,4.0,3,burgers_grid_noisy_s01
burgers,grid,20.0,0.01,1.0,1.0,300.0,fixed,0.4506318493522757,0.0837940499186515,320.0,50.0,4.0,3,burgers_grid_noisy_s01
burgers,grid,20.0,0.01,1.0,10.0,100.0,fixed,0.571792524164569,0.0250929072499275,120.0,50.0,4.0,3,burgers_grid_noisy_s01
burgers,grid,20.0,0.01,1.0,10.0,200.0,fixed,0.5700781605528644,0.0252788942307233,220.0,50.0,4.0,3,burgers_grid_noisy_s01
burgers,grid,20.0,0.01,1.0,10.0,300.0,fixed,0.7188653768548605,0.0291738416999578,320.0,50.0,4.0,3,burgers_grid_noisy_s01
burgers,grid,20.0,0.01,10.0,1.0,100.0,fixed,0.4555148539319842,0.2379591166973114,120.0,50.0,4.0,3,burgers_grid_noisy_s01
burgers,grid,20.0,0.01,10.0,1.0,200.0,fixed,0.6363915443979786,0.2481539100408554,220.0,50.0,4.0,3,burgers_grid_noisy_s01
burgers,grid,20.0,0.01,10.0,1.0,300.0,fixed,0.3608206890413382,0.2191240191459655,320.0,50.0,4.0,3,burgers_grid_noisy_s01
burgers,grid,20.0,0.01,10.0,10.0,100.0,fixed,0.5006513077096318,0.0622750036418437,120.0,50.0,4.0,3,burgers_grid_noisy_s01
burgers,grid,20.0,0.01,10.0,10.0,200.0,fixed,0.4873493900452715,0.1003220826387405,220.0,50.0,4.0,3,burgers_grid_noisy_s01
burgers,grid,20.0,0.01,10.0,10.0,300.0,fixed,0.3026833049607803,0.079142577946186,320.0,50.0,4.0,3,burgers_grid_noisy_s01
burgers,grid,20.0,0.01,1.0,1.0,100.0,fixed,0.4861721644132878,0.0563171245157718,120.0,50.0,4.0,4,burgers_grid_noisy_s01
burgers,grid,20.0,0.01,1.0,1.0,200.0,fixed,0.6615019119009463,0.0716907978057861,220.0,50.0,4.0,4,burgers_grid_noisy_s01
burgers,grid,20.0,0.01,1.0,1.0,300.0,fixed,0.4672629626684355,0.0677545517683029,320.0,50.0,4.0,4,burgers_grid_noisy_s01
burgers,grid,20.0,0.01,1.0,10.0,100.0,fixed,0.5945225864535288,0.0270888097584247,120.0,50.0,4.0,4,burgers_grid_noisy_s01
burgers,grid,20.0,0.01,1.0,10.0,200.0,fixed,0.7015501807589197,0.0283817239105701,220.0,50.0,4.0,4,burgers_grid_noisy_s01
burgers,grid,20.0,0.01,1.0,10.0,300.0,fixed,0.6480840402327446,0.0268204528838396,320.0,50.0,4.0,4,burgers_grid_noisy_s01
burgers,grid,20.0,0.01,10.0,1.0,100.0,fixed,0.4874014356483577,0.2723631262779236,120.0,50.0,4.0,4,burgers_grid_noisy_s01
burgers,grid,20.0,0.01,10.0,1.0,200.0,fixed,0.3842223287832825,0.2136226147413253,220.0,50.0,4.0,4,burgers_grid_noisy_s01
burgers,grid,20.0,0.01,10.0,1.0,300.0,fixed,0.3740760028683809,0.2214588969945907,320.0,50.0,4.0,4,burgers_grid_noisy_s01
burgers,grid,20.0,0.01,10.0,10.0,100.0,fixed,0.3915587639271334,0.0775283798575401,120.0,50.0,4.0,4,burgers_grid_noisy_s01
burgers,grid,20.0,0.01,10.0,10.0,200.0,fixed,0.336577739916907,0.0808196291327476,220.0,50.0,4.0,4,burgers_grid_noisy_s01
burgers,grid,20.0,0.01,10.0,10.0,300.0,fixed,0.4782352128952934,0.0938219875097274,320.0,50.0,4.0,4,burgers_grid_noisy_s01
burgers,grid,20.0,0.05,1.0,1.0,100.0,fixed,0.3666468542583725,0.0144788846373558,120.0,50.0,4.0,0,burgers_grid_noisy_s05
burgers,grid,20.0,0.05,1.0,1.0,200.0,fixed,0.2196974642433646,0.0205652043223381,220.0,50.0,4.0,0,burgers_grid_noisy_s05
burgers,grid,20.0,0.05,1.0,1.0,300.0,fixed,0.3842749379723423,0.0575584545731544,320.0,50.0,4.0,0,burgers_grid_noisy_s05
burgers,grid,20.0,0.05,1.0,10.0,100.0,fixed,0.3258542584586663,0.0128996763378381,120.0,50.0,4.0,0,burgers_grid_noisy_s05
burgers,grid,20.0,0.05,1.0,10.0,200.0,fixed,0.4799572064762598,0.0182543341070413,220.0,50.0,4.0,0,burgers_grid_noisy_s05
burgers,grid,20.0,0.05,1.0,10.0,300.0,fixed,0.5532409803319039,0.0167506784200668,320.0,50.0,4.0,0,burgers_grid_noisy_s05
burgers,grid,20.0,0.05,10.0,1.0,100.0,fixed,0.446412849523511,0.0295353550463914,120.0,50.0,4.0,0,burgers_grid_noisy_s05
burgers,grid,20.0,0.05,10.0,1.0,200.0,fixed,0.4454871541200927,0.0443116463720798,220.0,50.0,4.0,0,burgers_grid_noisy_s05
burgers,grid,20.0,0.05,10.0,1.0,300.0,fixed,0.2227163098778186,0.0878182202577591,320.0,50.0,4.0,0,burgers_grid_noisy_s05
burgers,grid,20.0,0.05,10.0,10.0,100.0,fixed,0.3599073018430626,0.0127069978043437,120.0,50.0,4.0,0,burgers_grid_noisy_s05
burgers,grid,20.0,0.05,10.0,10.0,200.0,fixed,0.6198474509802151,0.0394168719649314,220.0,50.0,4.0,0,burgers_grid_noisy_s05
burgers,grid,20.0,0.05,10.0,10.0,300.0,fixed,0.3043955035057319,0.0180358160287141,320.0,50.0,4.0,0,burgers_grid_noisy_s05
burgers,grid,20.0,0.05,1.0,1.0,100.0,fixed,0.2036283425970811,0.0133874686434865,120.0,50.0,4.0,1,burgers_grid_noisy_s05
burgers,grid,20.0,0.05,1.0,1.0,200.0,fixed,0.2373943979134507,0.0310982558876276,220.0,50.0,4.0,1,burgers_grid_noisy_s05
burgers,grid,20.0,0.05,1.0,1.0,300.0,fixed,0.4527479571732603,0.0893698558211326,320.0,50.0,4.0,1,burgers_grid_noisy_s05
burgers,grid,20.0,0.05,1.0,10.0,100.0,fixed,0.3220213933196583,0.0399347692728042,120.0,50.0,4.0,1,burgers_grid_noisy_s05
burgers,grid,20.0,0.05,1.0,10.0,200.0,fixed,0.5022987772788731,0.0225406475365161,220.0,50.0,4.0,1,burgers_grid_noisy_s05
burgers,grid,20.0,0.05,1.0,10.0,300.0,fixed,0.5010227023664762,0.01710681989789,320.0,50.0,4.0,1,burgers_grid_noisy_s05
burgers,grid,20.0,0.05,10.0,1.0,100.0,fixed,0.6939330281601792,0.0274025555700063,120.0,50.0,4.0,1,burgers_grid_noisy_s05
burgers,grid,20.0,0.05,10.0,1.0,200.0,fixed,0.2609645148827048,0.0807045102119445,220.0,50.0,4.0,1,burgers_grid_noisy_s05
burgers,grid,20.0,0.05,10.0,1.0,300.0,fixed,0.3660512842415516,0.0493380762636661,320.0,50.0,4.0,1,burgers_grid_noisy_s05
burgers,grid,20.0,0.05,10.0,10.0,100.0,fixed,0.274326693245464,0.0261216387152671,120.0,50.0,4.0,1,burgers_grid_noisy_s05
burgers,grid,20.0,0.05,10.0,10.0,200.0,fixed,0.4513722406042193,0.0312659963965415,220.0,50.0,4.0,1,burgers_grid_noisy_s05
burgers,grid,20.0,0.05,10.0,10.0,300.0,fixed,0.2191144288110996,0.0280356463044881,320.0,50.0,4.0,1,burgers_grid_noisy_s05
burgers,grid,20.0,0.05,1.0,1.0,100.0,fixed,0.4976121116121517,0.0145154418423771,120.0,50.0,4.0,2,burgers_grid_noisy_s05
burgers,grid,20.0,0.05,1.0,1.0,200.0,fixed,0.2696719349834553,0.0301376245915889,220.0,50.0,4.0,2,burgers_grid_noisy_s05
burgers,grid,20.0,0.05,1.0,1.0,300.0,fixed,0.5669484226708696,0.0159397982060909,320.0,50.0,4.0,2,burgers_grid_noisy_s05
burgers,grid,20.0,0.05,1.0,10.0,100.0,fixed,0.4266123752017243,0.0135359419509768,120.0,50.0,4.0,2,burgers_grid_noisy_s05
burgers,grid,20.0,0.05,1.0,10.0,200.0,fixed,0.4330805807271946,0.0097849061712622,220.0,50.0,4.0,2,burgers_grid_noisy_s05
burgers,grid,20.0,0.05,1.0,10.0,300.0,fixed,0.380138010450825,0.013633195310831,320.0,50.0,4.0,2,burgers_grid_noisy_s05
burgers,grid,20.0,0.05,10.0,1.0,100.0,fixed,0.2010974546951053,0.0274019259959459,120.0,50.0,4.0,2,burgers_grid_noisy_s05
burgers,grid,20.0,0.05,10.0,1.0,200.0,fixed,0.5229826129010455,0.0364698953926563,220.0,50.0,4.0,2,burgers_grid_noisy_s05
burgers,grid,20.0,0.05,10.0,1.0,300.0,fixed,0.4937684457441694,0.0847111865878105,320.0,50.0,4.0,2,burgers_grid_noisy_s05
burgers,grid,20.0,0.05,10.0,10.0,100.0,fixed,0.1717252626132255,0.0162671525031328,120.0,50.0,4.0,2,burgers_grid_noisy_s05
burgers,grid,20.0,0.05,10.0,10.0,200.0,fixed,0.3589491952498814,0.0162149537354707,220.0,50.0,4.0,2,burgers_grid_noisy_s05
burgers,grid,20.0,0.05,10.0,10.0,300.0,fixed,0.4738482128787081,0.0307972691953182,320.0,50.0,4.0,2,burgers_grid_noisy_s05
burgers,grid,20.0,0.05,1.0,1.0,100.0,fixed,0.2050746575333445,0.037549864500761,120.0,50.0,4.0,3,burgers_grid_noisy_s05
burgers,grid,20.0,0.05,1.0,1.0,200.0,fixed,0.5131377004565909,0.02454449608922,220.0,50.0,4.0,3,burgers_grid_noisy_s05
burgers,grid,20.0,0.05,1.0,1.0,300.0,fixed,0.2311968110669181,0.0136644747108221,320.0,50.0,4.0,3,burgers_grid_noisy_s05
burgers,grid,20.0,0.05,1.0,10.0,100.0,fixed,0.4832114048399277,0.0147274602204561,120.0,50.0,4.0,3,burgers_grid_noisy_s05
burgers,grid,20.0,0.05,1.0,10.0,200.0,fixed,0.3627991193420596,0.0119480732828378,220.0,50.0,4.0,3,burgers_grid_noisy_s05
burgers,grid,20.0,0.05,1.0,10.0,300.0,fixed,0.4727749471271079,0.0176882278174161,320.0,50.0,4.0,3,burgers_grid_noisy_s05
burgers,grid,20.0,0.05,10.0,1.0,100.0,fixed,0.4653668016182616,0.0514247566461563,120.0,50.0,4.0,3,burgers_grid_noisy_s05
burgers,grid,20.0,0.05,10.0,1.0,200.0,fixed,0.6187898116288438,0.0801230520009994,220.0,50.0,4.0,3,burgers_grid_noisy_s05
burgers,grid,20.0,0.05,10.0,1.0,300.0,fixed,0.2134932668960728,0.0482899695634841,320.0,50.0,4.0,3,burgers_grid_noisy_s05
burgers,grid,20.0,0.05,10.0,10.0,100.0,fixed,0.4509124229833043,0.0256736706942319,120.0,50.0,4.0,3,burgers_grid_noisy_s05
burgers,grid,20.0,0.05,10.0,10.0,200.0,fixed,0.3725669843327882,0.0286886598914861,220.0,50.0,4.0,3,burgers_grid_noisy_s05
burgers,grid,20.0,0.05,10.0,10.0,300.0,fixed,0.2076403046000627,0.0325617156922817,320.0,50.0,4.0,3,burgers_grid_noisy_s05
burgers,grid,20.0,0.05,1.0,1.0,100.0,fixed,0.46243515044495,0.0121526541188359,120.0,50.0,4.0,4,burgers_grid_noisy_s05
burgers,grid,20.0,0.05,1.0,1.0,200.0,fixed,0.6623103018969756,0.0180053431540727,220.0,50.0,4.0,4,burgers_grid_noisy_s05
burgers,grid,20.0,0.05,1.0,1.0,300.0,fixed,0.2843309470289976,0.0257652513682842,320.0,50.0,4.0,4,burgers_grid_noisy_s05
burgers,grid,20.0,0.05,1.0,10.0,100.0,fixed,0.5141823384564871,0.0169641058892011,120.0,50.0,4.0,4,burgers_grid_noisy_s05
burgers,grid,20.0,0.05,1.0,10.0,200.0,fixed,0.4908687455289532,0.0149464961141347,220.0,50.0,4.0,4,burgers_grid_noisy_s05
burgers,grid,20.0,0.05,1.0,10.0,300.0,fixed,0.5081811017425002,0.0182894710451364,320.0,50.0,4.0,4,burgers_grid_noisy_s05
burgers,grid,20.0,0.05,10.0,1.0,100.0,fixed,0.2231409577224624,0.0277616400271654,120.0,50.0,4.0,4,burgers_grid_noisy_s05
burgers,grid,20.0,0.05,10.0,1.0,200.0,fixed,0.3359457821247964,0.0543560422956943,220.0,50.0,4.0,4,burgers_grid_noisy_s05
burgers,grid,20.0,0.05,10.0,1.0,300.0,fixed,0.3784884438540357,0.0582229606807231,320.0,50.0,4.0,4,burgers_grid_noisy_s05
burgers,grid,20.0,0.05,10.0,10.0,100.0,fixed,0.3142249119220942,0.0189433172345161,120.0,50.0,4.0,4,burgers_grid_noisy_s05
burgers,grid,20.0,0.05,10.0,10.0,200.0,fixed,0.4042368021783223,0.0325081199407577,220.0,50.0,4.0,4,burgers_grid_noisy_s05
burgers,grid,20.0,0.05,10.0,10.0,300.0,fixed,0.4386021920707116,0.0382139533758163,320.0,50.0,4.0,4,burgers_grid_noisy_s05
burgers,grid,20.0,0.1,1.0,1.0,100.0,fixed,0.4203760720867174,0.0472854040563106,120.0,50.0,4.0,0,burgers_grid_noisy_s10
burgers,grid,20.0,0.1,1.0,1.0,200.0,fixed,0.4242861022950218,0.056539386510849,220.0,50.0,4.0,0,burgers_grid_noisy_s10
burgers,grid,20.0,0.1,1.0,1.0,300.0,fixed,0.4885206392267831,0.0817684382200241,320.0,50.0,4.0,0,burgers_grid_noisy_s10
burgers,grid,20.0,0.1,1.0,10.0,100.0,fixed,0.5911372295326858,0.024320863187313,120.0,50.0,4.0,0,burgers_grid_noisy_s10
burgers,grid,20.0,0.1,1.0,10.0,200.0,fixed,0.6454968052299849,0.0224140975624322,220.0,50.0,4.0,0,burgers_grid_noisy_s10
burgers,grid,20.0,0.1,1.0,10.0,300.0,fixed,0.6155203869286482,0.0230219755321741,320.0,50.0,4.0,0,burgers_grid_noisy_s10
burgers,grid,20.0,0.1,10.0,1.0,100.0,fixed,0.4603644860112597,0.2271622866392135,120.0,50.0,4.0,0,burgers_grid_noisy_s10
burgers,grid,20.0,0.1,10.0,1.0,200.0,fixed,0.4347290840901277,0.1927016675472259,220.0,50.0,4.0,0,burgers_grid_noisy_s10
burgers,grid,20.0,0.1,10.0,1.0,300.0,fixed,0.3919651518171523,0.317321628332138,320.0,50.0,4.0,0,burgers_grid_noisy_s10
burgers,grid,20.0,0.1,10.0,10.0,100.0,fixed,0.4828074144425406,0.0992577522993087,120.0,50.0,4.0,0,burgers_grid_noisy_s10
burgers,grid,20.0,0.1,10.0,10.0,200.0,fixed,0.6874848525596038,0.0914671644568443,220.0,50.0,4.0,0,burgers_grid_noisy_s10
burgers,grid,20.0,0.1,10.0,10.0,300.0,fixed,0.4629212470045156,0.0692732632160186,320.0,50.0,4.0,0,burgers_grid_noisy_s10
burgers,grid,20.0,0.1,1.0,1.0,100.0,fixed,0.3260804505753051,0.0513794533908367,120.0,50.0,4.0,1,burgers_grid_noisy_s10
burgers,grid,20.0,0.1,1.0,1.0,200.0,fixed,0.4571624823746527,0.0825357809662818,220.0,50.0,4.0,1,burgers_grid_noisy_s10
burgers,grid,20.0,0.1,1.0,1.0,300.0,fixed,0.4260158280705695,0.073514349758625,320.0,50.0,4.0,1,burgers_grid_noisy_s10
burgers,grid,20.0,0.1,1.0,10.0,100.0,fixed,0.5107757963899443,0.0264375209808349,120.0,50.0,4.0,1,burgers_grid_noisy_s10
burgers,grid,20.0,0.1,1.0,10.0,200.0,fixed,0.6667800303519179,0.0257028676569461,220.0,50.0,4.0,1,burgers_grid_noisy_s10
burgers,grid,20.0,0.1,1.0,10.0,300.0,fixed,0.5934893367692667,0.0213025342673063,320.0,50.0,4.0,1,burgers_grid_noisy_s10
burgers,grid,20.0,0.1,10.0,1.0,100.0,fixed,0.5385006327533434,0.2163195461034774,120.0,50.0,4.0,1,burgers_grid_noisy_s10
burgers,grid,20.0,0.1,10.0,1.0,200.0,fixed,0.375748126333752,0.253630667924881,220.0,50.0,4.0,1,burgers_grid_noisy_s10
burgers,grid,20.0,0.1,10.0,1.0,300.0,fixed,0.405140625983269,0.2507652044296264,320.0,50.0,4.0,1,burgers_grid_noisy_s10
burgers,grid,20.0,0.1,10.0,10.0,100.0,fixed,0.5086495731936909,0.0833286643028259,120.0,50.0,4.0,1,burgers_grid_noisy_s10
burgers,grid,20.0,0.1,10.0,10.0,200.0,fixed,0.48931664295806,0.070925235748291,220.0,50.0,4.0,1,burgers_grid_noisy_s10
burgers,grid,20.0,0.1,10.0,10.0,300.0,fixed,0.4338316022434337,0.0801492258906364,320.0,50.0,4.0,1,burgers_grid_noisy_s10
burgers,grid,20.0,0.1,1.0,1.0,100.0,fixed,0.5323911807184393,0.0491684302687644,120.0,50.0,4.0,2,burgers_grid_noisy_s10
burgers,grid,20.0,0.1,1.0,1.0,200.0,fixed,0.3909098032692158,0.0757444873452186,220.0,50.0,4.0,2,burgers_grid_noisy_s10
burgers,grid,20.0,0.1,1.0,1.0,300.0,fixed,0.576386961466645,0.0774106904864311,320.0,50.0,4.0,2,burgers_grid_noisy_s10
burgers,grid,20.0,0.1,1.0,10.0,100.0,fixed,0.569740108356808,0.0274850502610206,120.0,50.0,4.0,2,burgers_grid_noisy_s10
burgers,grid,20.0,0.1,1.0,10.0,200.0,fixed,0.6000689772768018,0.0224405340850353,220.0,50.0,4.0,2,burgers_grid_noisy_s10
burgers,grid,20.0,0.1,1.0,10.0,300.0,fixed,0.6173316502637932,0.0230024494230747,320.0,50.0,4.0,2,burgers_grid_noisy_s10
burgers,grid,20.0,0.1,10.0,1.0,100.0,fixed,0.3361932073868097,0.2110464870929718,120.0,50.0,4.0,2,burgers_grid_noisy_s10
burgers,grid,20.0,0.1,10.0,1.0,200.0,fixed,0.4280705847211663,0.2592959105968475,220.0,50.0,4.0,2,burgers_grid_noisy_s10
burgers,grid,20.0,0.1,10.0,1.0,300.0,fixed,0.5559067110954499,0.2636241912841797,320.0,50.0,4.0,2,burgers_grid_noisy_s10
burgers,grid,20.0,0.1,10.0,10.0,100.0,fixed,0.3332659941172636,0.0637732669711113,120.0,50.0,4.0,2,burgers_grid_noisy_s10
burgers,grid,20.0,0.1,10.0,10.0,200.0,fixed,0.4430642707975529,0.0864997878670692,220.0,50.0,4.0,2,burgers_grid_noisy_s10
burgers,grid,20.0,0.1,10.0,10.0,300.0,fixed,0.5019960948689718,0.0897036045789718,320.0,50.0,4.0,2,burgers_grid_noisy_s10
burgers,grid,20.0,0.1,1.0,1.0,100.0,fixed,0.3875493119957239,0.0616211332380771,120.0,50.0,4.0,3,burgers_grid_noisy_s10
burgers,grid,20.0,0.1,1.0,1.0,200.0,fixed,0.4468313614310207,0.0773165449500083,220.0,50.0,4.0,3,burgers_grid_noisy_s10
burgers,grid,20.0,0.1,1.0,1.0,300.0,fixed,0.4334793057747442,0.0885695442557334,320.0,50.0,4.0,3,burgers_grid_noisy_s10
burgers,grid,20.0,0.1,1.0,10.0,100.0,fixed,0.5699199565670947,0.0268518310040235,120.0,50.0,4.0,3,burgers_grid_noisy_s10
burgers,grid,20.0,0.1,1.0,10.0,200.0,fixed,0.5678115146726777,0.0262051373720169,220.0,50.0,4.0,3,burgers_grid_noisy_s10
burgers,grid,20.0,0.1,1.0,10.0,300.0,fixed,0.722540264239964,0.0289095751941204,320.0,50.0,4.0,3,burgers_grid_noisy_s10
burgers,grid,20.0,0.1,10.0,1.0,100.0,fixed,0.4661980346133346,0.2252561002969741,120.0,50.0,4.0,3,burgers_grid_noisy_s10
burgers,grid,20.0,0.1,10.0,1.0,200.0,fixed,0.6223501700725195,0.2735852003097534,220.0,50.0,4.0,3,burgers_grid_noisy_s10
burgers,grid,20.0,0.1,10.0,1.0,300.0,fixed,0.3720718381695296,0.214755043387413,320.0,50.0,4.0,3,burgers_grid_noisy_s10
burgers,grid,20.0,0.1,10.0,10.0,100.0,fixed,0.5013575591143555,0.064788319170475,120.0,50.0,4.0,3,burgers_grid_noisy_s10
burgers,grid,20.0,0.1,10.0,10.0,200.0,fixed,0.4901231215761983,0.0997231677174568,220.0,50.0,4.0,3,burgers_grid_noisy_s10
burgers,grid,20.0,0.1,10.0,10.0,300.0,fixed,0.3210621074757693,0.0845658108592033,320.0,50.0,4.0,3,burgers_grid_noisy_s10
burgers,grid,20.0,0.1,1.0,1.0,100.0,fixed,0.4722468869657957,0.0428296029567718,120.0,50.0,4.0,4,burgers_grid_noisy_s10
burgers,grid,20.0,0.1,1.0,1.0,200.0,fixed,0.6691290217521206,0.0707407221198082,220.0,50.0,4.0,4,burgers_grid_noisy_s10
burgers,grid,20.0,0.1,1.0,1.0,300.0,fixed,0.4787502998303872,0.071190670132637,320.0,50.0,4.0,4,burgers_grid_noisy_s10
burgers,grid,20.0,0.1,1.0,10.0,100.0,fixed,0.6012672776514916,0.029758920893073,120.0,50.0,4.0,4,burgers_grid_noisy_s10
burgers,grid,20.0,0.1,1.0,10.0,200.0,fixed,0.7081151144170088,0.0278232619166374,220.0,50.0,4.0,4,burgers_grid_noisy_s10
burgers,grid,20.0,0.1,1.0,10.0,300.0,fixed,0.6404268442329587,0.0261143520474433,320.0,50.0,4.0,4,burgers_grid_noisy_s10
burgers,grid,20.0,0.1,10.0,1.0,100.0,fixed,0.4697307119235981,0.29600590467453,120.0,50.0,4.0,4,burgers_grid_noisy_s10
burgers,grid,20.0,0.1,10.0,1.0,200.0,fixed,0.3888560768622336,0.212218776345253,220.0,50.0,4.0,4,burgers_grid_noisy_s10
burgers,grid,20.0,0.1,10.0,1.0,300.0,fixed,0.3732864756645774,0.22386234998703,320.0,50.0,4.0,4,burgers_grid_noisy_s10
burgers,grid,20.0,0.1,10.0,10.0,100.0,fixed,0.3810754207241231,0.0773940831422805,120.0,50.0,4.0,4,burgers_grid_noisy_s10
burgers,grid,20.0,0.1,10.0,10.0,200.0,fixed,0.4645310040662545,0.0725016519427299,220.0,50.0,4.0,4,burgers_grid_noisy_s10
burgers,grid,20.0,0.1,10.0,10.0,300.0,fixed,0.4793605145136439,0.0937253981828689,320.0,50.0,4.0,4,burgers_grid_noisy_s10
poisson2d,grid,0.0,0.0,0.1,0.1,100.0,fixed,0.1303788125514984,0.1132977902889251,100.0,50.0,4.0,0,poisson2d_grid_clean
poisson2d,grid,0.0,0.0,0.1,0.1,200.0,fixed,0.1209574490785598,0.1164033859968185,200.0,50.0,4.0,0,poisson2d_grid_clean
poisson2d,grid,0.0,0.0,0.1,0.1,300.0,fixed,0.1577925235033035,0.1329238563776016,300.0,50.0,4.0,0,poisson2d_grid_clean
poisson2d,grid,0.0,0.0,0.1,1.0,100.0,fixed,1.5928689241409302,0.159026101231575,100.0,50.0,4.0,0,poisson2d_grid_clean
poisson2d,grid,0.0,0.0,0.1,1.0,200.0,fixed,0.3874867856502533,0.141004666686058,200.0,50.0,4.0,0,poisson2d_grid_clean
poisson2d,grid,0.0,0.0,0.1,1.0,300.0,fixed,0.7129217982292175,0.1451708227396011,300.0,50.0,4.0,0,poisson2d_grid_clean
poisson2d,grid,0.0,0.0,0.1,10.0,100.0,fixed,2.192890167236328,0.1514567732810974,100.0,50.0,4.0,0,poisson2d_grid_clean
poisson2d,grid,0.0,0.0,0.1,10.0,200.0,fixed,2.1949048042297363,0.160291850566864,200.0,50.0,4.0,0,poisson2d_grid_clean
poisson2d,grid,0.0,0.0,0.1,10.0,300.0,fixed,1.9231197834014893,0.1693144142627716,300.0,50.0,4.0,0,poisson2d_grid_clean
poisson2d,grid,0.0,0.0,1.0,0.1,100.0,fixed,0.1095224171876907,0.0990479364991188,100.0,50.0,4.0,0,poisson2d_grid_clean
poisson2d,grid,0.0,0.0,1.0,0.1,200.0,fixed,0.1374010443687439,0.1483525484800338,200.0,50.0,4.0,0,poisson2d_grid_clean
poisson2d,grid,0.0,0.0,1.0,0.1,300.0,fixed,0.1009024903178215,0.1241181194782257,300.0,50.0,4.0,0,poisson2d_grid_clean
poisson2d,grid,0.0,0.0,1.0,1.0,100.0,fixed,0.165985107421875,0.1218130141496658,100.0,50.0,4.0,0,poisson2d_grid_clean
poisson2d,grid,0.0,0.0,1.0,1.0,200.0,fixed,0.1496468335390091,0.161723330616951,200.0,50.0,4.0,0,poisson2d_grid_clean
poisson2d,grid,0.0,0.0,1.0,1.0,300.0,fixed,0.1469434946775436,0.1145141124725341,300.0,50.0,4.0,0,poisson2d_grid_clean
poisson2d,grid,0.0,0.0,1.0,10.0,100.0,fixed,0.5355255007743835,0.1015754342079162,100.0,50.0,4.0,0,poisson2d_grid_clean
poisson2d,grid,0.0,0.0,1.0,10.0,200.0,fixed,0.467988908290863,0.1412762999534607,200.0,50.0,4.0,0,poisson2d_grid_clean
poisson2d,grid,0.0,0.0,1.0,10.0,300.0,fixed,0.6780596375465393,0.191708356142044,300.0,50.0,4.0,0,poisson2d_grid_clean
poisson2d,grid,0.0,0.0,10.0,0.1,100.0,fixed,0.053414948284626,0.2006426453590393,100.0,50.0,4.0,0,poisson2d_grid_clean
poisson2d,grid,0.0,0.0,10.0,0.1,200.0,fixed,0.0612223260104656,0.2923730909824371,200.0,50.0,4.0,0,poisson2d_grid_clean
poisson2d,grid,0.0,0.0,10.0,0.1,300.0,fixed,0.0425989553332328,0.2209085524082183,300.0,50.0,4.0,0,poisson2d_grid_clean
poisson2d,grid,0.0,0.0,10.0,1.0,100.0,fixed,0.0922168269753456,0.1459328532218933,100.0,50.0,4.0,0,poisson2d_grid_clean
poisson2d,grid,0.0,0.0,10.0,1.0,200.0,fixed,0.1005828380584716,0.1029146090149879,200.0,50.0,4.0,0,poisson2d_grid_clean
poisson2d,grid,0.0,0.0,10.0,1.0,300.0,fixed,0.0980944111943245,0.1222022399306297,300.0,50.0,4.0,0,poisson2d_grid_clean
poisson2d,grid,0.0,0.0,10.0,10.0,100.0,fixed,0.1560739129781723,0.1264405399560928,100.0,50.0,4.0,0,poisson2d_grid_clean
poisson2d,grid,0.0,0.0,10.0,10.0,200.0,fixed,0.1339677572250366,0.1547635048627853,200.0,50.0,4.0,0,poisson2d_grid_clean
poisson2d,grid,0.0,0.0,10.0,10.0,300.0,fixed,0.1536594033241272,0.1222386434674263,300.0,50.0,4.0,0,poisson2d_grid_clean
poisson2d,grid,0.0,0.0,0.1,0.1,100.0,fixed,0.1465649157762527,0.1084513962268829,100.0,50.0,4.0,1,poisson2d_grid_clean
poisson2d,grid,0.0,0.0,0.1,0.1,200.0,fixed,0.1669701486825943,0.1404111534357071,200.0,50.0,4.0,1,poisson2d_grid_clean
poisson2d,grid,0.0,0.0,0.1,0.1,300.0,fixed,0.1328643709421157,0.1344920843839645,300.0,50.0,4.0,1,poisson2d_grid_clean
poisson2d,grid,0.0,0.0,0.1,1.0,100.0,fixed,0.5025891661643982,0.1565611958503723,100.0,50.0,4.0,1,poisson2d_grid_clean
poisson2d,grid,0.0,0.0,0.1,1.0,200.0,fixed,0.5241867899894714,0.142265573143959,200.0,50.0,4.0,1,poisson2d_grid_clean
poisson2d,grid,0.0,0.0,0.1,1.0,300.0,fixed,0.2687219083309173,0.1221391707658767,300.0,50.0,4.0,1,poisson2d_grid_clean
poisson2d,grid,0.0,0.0,0.1,10.0,100.0,fixed,2.295281410217285,0.1825059950351715,100.0,50.0,4.0,1,poisson2d_grid_clean
poisson2d,grid,0.0,0.0,0.1,10.0,200.0,fixed,1.913663625717163,0.1808638721704483,200.0,50.0,4.0,1,poisson2d_grid_clean
poisson2d,grid,0.0,0.0,0.1,10.0,300.0,fixed,2.247976303100586,0.224358320236206,300.0,50.0,4.0,1,poisson2d_grid_clean
poisson2d,grid,0.0,0.0,1.0,0.1,100.0,fixed,0.1281771212816238,0.1183001771569252,100.0,50.0,4.0,1,poisson2d_grid_clean
poisson2d,grid,0.0,0.0,1.0,0.1,200.0,fixed,0.1071247681975364,0.1318999975919723,200.0,50.0,4.0,1,poisson2d_grid_clean
poisson2d,grid,0.0,0.0,1.0,0.1,300.0,fixed,0.1244344487786293,0.1159039065241813,300.0,50.0,4.0,1,poisson2d_grid_clean
poisson2d,grid,0.0,0.0,1.0,1.0,100.0,fixed,0.1656643450260162,0.1597909033298492,100.0,50.0,4.0,1,poisson2d_grid_clean
poisson2d,grid,0.0,0.0,1.0,1.0,200.0,fixed,0.1433775573968887,0.1284876763820648,200.0,50.0,4.0,1,poisson2d_grid_clean
poisson2d,grid,0.0,0.0,1.0,1.0,300.0,fixed,0.1558258980512619,0.1927208751440048,300.0,50.0,4.0,1,poisson2d_grid_clean
poisson2d,grid,0.0,0.0,1.0,10.0,100.0,fixed,0.4188367128372192,0.1144410148262977,100.0,50.0,4.0,1,poisson2d_grid_clean
poisson2d,grid,0.0,0.0,1.0,10.0,200.0,fixed,0.7954187989234924,0.1990322470664978,200.0,50.0,4.0,1,poisson2d_grid_clean
poisson2d,grid,0.0,0.0,1.0,10.0,300.0,fixed,0.3126833438873291,0.1231126934289932,300.0,50.0,4.0,1,poisson2d_grid_clean
poisson2d,grid,0.0,0.0,10.0,0.1,100.0,fixed,0.0498447194695472,0.2199403047561645,100.0,50.0,4.0,1,poisson2d_grid_clean
poisson2d,grid,0.0,0.0,10.0,0.1,200.0,fixed,0.0428730361163616,0.2026260197162628,200.0,50.0,4.0,1,poisson2d_grid_clean
poisson2d,grid,0.0,0.0,10.0,0.1,300.0,fixed,0.0389159061014652,0.180296778678894,300.0,50.0,4.0,1,poisson2d_grid_clean
poisson2d,grid,0.0,0.0,10.0,1.0,100.0,fixed,0.0974862724542617,0.1262746751308441,100.0,50.0,4.0,1,poisson2d_grid_clean
poisson2d,grid,0.0,0.0,10.0,1.0,200.0,fixed,0.1023037582635879,0.1073926985263824,200.0,50.0,4.0,1,poisson2d_grid_clean
poisson2d,grid,0.0,0.0,10.0,1.0,300.0,fixed,0.1093512922525405,0.1451529115438461,300.0,50.0,4.0,1,poisson2d_grid_clean
poisson2d,grid,0.0,0.0,10.0,10.0,100.0,fixed,0.1457522213459015,0.1661706119775772,100.0,50.0,4.0,1,poisson2d_grid_clean
poisson2d,grid,0.0,0.0,10.0,10.0,200.0,fixed,0.1698785722255706,0.1365214884281158,200.0,50.0,4.0,1,poisson2d_grid_clean
poisson2d,grid,0.0,0.0,10.0,10.0,300.0,fixed,0.1338388174772262,0.1349101066589355,300.0,50.0,4.0,1,poisson2d_grid_clean
poisson2d,grid,0.0,0.0,0.1,0.1,100.0,fixed,0.1524491757154464,0.1309317946434021,100.0,50.0,4.0,2,poisson2d_grid_clean
poisson2d,grid,0.0,0.0,0.1,0.1,200.0,fixed,0.1341834515333175,0.1472684293985366,200.0,50.0,4.0,2,poisson2d_grid_clean
poisson2d,grid,0.0,0.0,0.1,0.1,300.0,fixed,0.1555850356817245,0.1322461068630218,300.0,50.0,4.0,2,poisson2d_grid_clean
poisson2d,grid,0.0,0.0,0.1,1.0,100.0,fixed,1.0999152660369873,0.1594049781560897,100.0,50.0,4.0,2,poisson2d_grid_clean
poisson2d,grid,0.0,0.0,0.1,1.0,200.0,fixed,0.331186980009079,0.1475754976272583,200.0,50.0,4.0,2,poisson2d_grid_clean
poisson2d,grid,0.0,0.0,0.1,1.0,300.0,fixed,0.5822018980979919,0.1275157183408737,300.0,50.0,4.0,2,poisson2d_grid_clean
poisson2d,grid,0.0,0.0,0.1,10.0,100.0,fixed,1.6739861965179443,0.127888023853302,100.0,50.0,4.0,2,poisson2d_grid_clean
poisson2d,grid,0.0,0.0,0.1,10.0,200.0,fixed,2.232640504837036,0.1820233315229416,200.0,50.0,4.0,2,poisson2d_grid_clean
poisson2d,grid,0.0,0.0,0.1,10.0,300.0,fixed,2.182000160217285,0.1906267404556274,300.0,50.0,4.0,2,poisson2d_grid_clean
poisson2d,grid,0.0,0.0,1.0,0.1,100.0,fixed,0.1054401099681854,0.1255591809749603,100.0,50.0,4.0,2,poisson2d_grid_clean
poisson2d,grid,0.0,0.0,1.0,0.1,200.0,fixed,0.1314737647771835,0.1088778525590896,200.0,50.0,4.0,2,poisson2d_grid_clean
poisson2d,grid,0.0,0.0,1.0,0.1,300.0,fixed,0.0970133543014526,0.1542955935001373,300.0,50.0,4.0,2,poisson2d_grid_clean
poisson2d,grid,0.0,0.0,1.0,1.0,100.0,fixed,0.1399578601121902,0.1204118430614471,100.0,50.0,4.0,2,poisson2d_grid_clean
poisson2d,grid,0.0,0.0,1.0,1.0,200.0,fixed,0.1675498187541961,0.1704612523317337,200.0,50.0,4.0,2,poisson2d_grid_clean
poisson2d,grid,0.0,0.0,1.0,1.0,300.0,fixed,0.1532404869794845,0.1415963470935821,300.0,50.0,4.0,2,poisson2d_grid_clean
poisson2d,grid,0.0,0.0,1.0,10.0,100.0,fixed,0.5357787609100342,0.1437107026576995,100.0,50.0,4.0,2,poisson2d_grid_clean
poisson2d,grid,0.0,0.0,1.0,10.0,200.0,fixed,0.3011514842510223,0.1364053785800933,200.0,50.0,4.0,2,poisson2d_grid_clean
poisson2d,grid,0.0,0.0,1.0,10.0,300.0,fixed,0.3438833057880401,0.1322208493947982,300.0,50.0,4.0,2,poisson2d_grid_clean
poisson2d,grid,0.0,0.0,10.0,0.1,100.0,fixed,0.0466242209076881,0.2387377172708511,100.0,50.0,4.0,2,poisson2d_grid_clean
poisson2d,grid,0.0,0.0,10.0,0.1,200.0,fixed,0.0301212407648563,0.1932334452867508,200.0,50.0,4.0,2,poisson2d_grid_clean
poisson2d,grid,0.0,0.0,10.0,0.1,300.0,fixed,0.037080068141222,0.1730124205350875,300.0,50.0,4.0,2,poisson2d_grid_clean
poisson2d,grid,0.0,0.0,10.0,1.0,100.0,fixed,0.1124641969799995,0.108948640525341,100.0,50.0,4.0,2,poisson2d_grid_clean
poisson2d,grid,0.0,0.0,10.0,1.0,200.0,fixed,0.1191069558262825,0.1449308395385742,200.0,50.0,4.0,2,poisson2d_grid_clean
poisson2d,grid,0.0,0.0,10.0,1.0,300.0,fixed,0.1287835538387298,0.1415988504886627,300.0,50.0,4.0,2,poisson2d_grid_clean
poisson2d,grid,0.0,0.0,10.0,10.0,100.0,fixed,0.167634516954422,0.0989461690187454,100.0,50.0,4.0,2,poisson2d_grid_clean
poisson2d,grid,0.0,0.0,10.0,10.0,200.0,fixed,0.1431995779275894,0.1397297978401184,200.0,50.0,4.0,2,poisson2d_grid_clean
poisson2d,grid,0.0,0.0,10.0,10.0,300.0,fixed,0.1240668967366218,0.1440934836864471,300.0,50.0,4.0,2,poisson2d_grid_clean
poisson2d,grid,0.0,0.0,0.1,0.1,100.0,fixed,0.1437776535749435,0.1130372136831283,100.0,50.0,4.0,3,poisson2d_grid_clean
poisson2d,grid,0.0,0.0,0.1,0.1,200.0,fixed,0.1459534615278244,0.1339190751314163,200.0,50.0,4.0,3,poisson2d_grid_clean
poisson2d,grid,0.0,0.0,0.1,0.1,300.0,fixed,0.1297817230224609,0.1381922215223312,300.0,50.0,4.0,3,poisson2d_grid_clean
poisson2d,grid,0.0,0.0,0.1,1.0,100.0,fixed,0.5036958456039429,0.1488205045461654,100.0,50.0,4.0,3,poisson2d_grid_clean
poisson2d,grid,0.0,0.0,0.1,1.0,200.0,fixed,0.5814953446388245,0.1327926516532898,200.0,50.0,4.0,3,poisson2d_grid_clean
poisson2d,grid,0.0,0.0,0.1,1.0,300.0,fixed,0.4620503485202789,0.1180678829550743,300.0,50.0,4.0,3,poisson2d_grid_clean
poisson2d,grid,0.0,0.0,0.1,10.0,100.0,fixed,2.323654890060425,0.2039059102535247,100.0,50.0,4.0,3,poisson2d_grid_clean
poisson2d,grid,0.0,0.0,0.1,10.0,200.0,fixed,2.437244415283203,0.1790446490049362,200.0,50.0,4.0,3,poisson2d_grid_clean
poisson2d,grid,0.0,0.0,0.1,10.0,300.0,fixed,2.1128571033477783,0.2068592756986618,300.0,50.0,4.0,3,poisson2d_grid_clean
poisson2d,grid,0.0,0.0,1.0,0.1,100.0,fixed,0.1416170597076416,0.1206665337085723,100.0,50.0,4.0,3,poisson2d_grid_clean
poisson2d,grid,0.0,0.0,1.0,0.1,200.0,fixed,0.0995797142386436,0.1281525045633316,200.0,50.0,4.0,3,poisson2d_grid_clean
poisson2d,grid,0.0,0.0,1.0,0.1,300.0,fixed,0.1211383268237114,0.1609084904193878,300.0,50.0,4.0,3,poisson2d_grid_clean
poisson2d,grid,0.0,0.0,1.0,1.0,100.0,fixed,0.1741184294223785,0.1654641777276992,100.0,50.0,4.0,3,poisson2d_grid_clean
poisson2d,grid,0.0,0.0,1.0,1.0,200.0,fixed,0.1494722515344619,0.1350787431001663,200.0,50.0,4.0,3,poisson2d_grid_clean
poisson2d,grid,0.0,0.0,1.0,1.0,300.0,fixed,0.156919926404953,0.1846527457237243,300.0,50.0,4.0,3,poisson2d_grid_clean
poisson2d,grid,0.0,0.0,1.0,10.0,100.0,fixed,0.3367592692375183,0.1087423339486122,100.0,50.0,4.0,3,poisson2d_grid_clean
poisson2d,grid,0.0,0.0,1.0,10.0,200.0,fixed,0.3896238207817077,0.1183275133371353,200.0,50.0,4.0,3,poisson2d_grid_clean
poisson2d,grid,0.0,0.0,1.0,10.0,300.0,fixed,0.4482134580612182,0.1297026127576828,300.0,50.0,4.0,3,poisson2d_grid_clean
poisson2d,grid,0.0,0.0,10.0,0.1,100.0,fixed,0.0355187468230724,0.1999509483575821,100.0,50.0,4.0,3,poisson2d_grid_clean
poisson2d,grid,0.0,0.0,10.0,0.1,200.0,fixed,0.0422085747122764,0.2038457840681076,200.0,50.0,4.0,3,poisson2d_grid_clean
poisson2d,grid,0.0,0.0,10.0,0.1,300.0,fixed,0.0339818708598613,0.2565583884716034,300.0,50.0,4.0,3,poisson2d_grid_clean
poisson2d,grid,0.0,0.0,10.0,1.0,100.0,fixed,0.1105238050222396,0.1452139914035797,100.0,50.0,4.0,3,poisson2d_grid_clean
poisson2d,grid,0.0,0.0,10.0,1.0,200.0,fixed,0.1225834190845489,0.1351714879274368,200.0,50.0,4.0,3,poisson2d_grid_clean
poisson2d,grid,0.0,0.0,10.0,1.0,300.0,fixed,0.1186060309410095,0.1046959459781646,300.0,50.0,4.0,3,poisson2d_grid_clean
poisson2d,grid,0.0,0.0,10.0,10.0,100.0,fixed,0.1386193484067917,0.1339272260665893,100.0,50.0,4.0,3,poisson2d_grid_clean
poisson2d,grid,0.0,0.0,10.0,10.0,200.0,fixed,0.1284052580595016,0.1071996316313743,200.0,50.0,4.0,3,poisson2d_grid_clean
poisson2d,grid,0.0,0.0,10.0,10.0,300.0,fixed,0.1446581482887268,0.1625414937734604,300.0,50.0,4.0,3,poisson2d_grid_clean
poisson2d,grid,0.0,0.0,0.1,0.1,100.0,fixed,0.1651602983474731,0.140218123793602,100.0,50.0,4.0,4,poisson2d_grid_clean
poisson2d,grid,0.0,0.0,0.1,0.1,200.0,fixed,0.1327684223651886,0.1476176977157592,200.0,50.0,4.0,4,poisson2d_grid_clean
poisson2d,grid,0.0,0.0,0.1,0.1,300.0,fixed,0.1143300458788871,0.1326407939195633,300.0,50.0,4.0,4,poisson2d_grid_clean
poisson2d,grid,0.0,0.0,0.1,1.0,100.0,fixed,0.7430395483970642,0.145729660987854,100.0,50.0,4.0,4,poisson2d_grid_clean
poisson2d,grid,0.0,0.0,0.1,1.0,200.0,fixed,0.5433604121208191,0.1557530015707016,200.0,50.0,4.0,4,poisson2d_grid_clean
poisson2d,grid,0.0,0.0,0.1,1.0,300.0,fixed,0.6435977220535278,0.1665579080581665,300.0,50.0,4.0,4,poisson2d_grid_clean
poisson2d,grid,0.0,0.0,0.1,10.0,100.0,fixed,2.64832091331482,0.2282492071390152,100.0,50.0,4.0,4,poisson2d_grid_clean
poisson2d,grid,0.0,0.0,0.1,10.0,200.0,fixed,2.70180082321167,0.1827400177717209,200.0,50.0,4.0,4,poisson2d_grid_clean
poisson2d,grid,0.0,0.0,0.1,10.0,300.0,fixed,1.892806053161621,0.1751586496829986,300.0,50.0,4.0,4,poisson2d_grid_clean
poisson2d,grid,0.0,0.0,1.0,0.1,100.0,fixed,0.1071367710828781,0.1179159358143806,100.0,50.0,4.0,4,poisson2d_grid_clean
poisson2d,grid,0.0,0.0,1.0,0.1,200.0,fixed,0.1121827214956283,0.1466718167066574,200.0,50.0,4.0,4,poisson2d_grid_clean
poisson2d,grid,0.0,0.0,1.0,0.1,300.0,fixed,0.0911521390080452,0.1453254371881485,300.0,50.0,4.0,4,poisson2d_grid_clean
poisson2d,grid,0.0,0.0,1.0,1.0,100.0,fixed,0.1540104001760482,0.1252055913209915,100.0,50.0,4.0,4,poisson2d_grid_clean
poisson2d,grid,0.0,0.0,1.0,1.0,200.0,fixed,0.1586889028549194,0.1967211365699768,200.0,50.0,4.0,4,poisson2d_grid_clean
poisson2d,grid,0.0,0.0,1.0,1.0,300.0,fixed,0.1324268728494644,0.153187021613121,300.0,50.0,4.0,4,poisson2d_grid_clean
poisson2d,grid,0.0,0.0,1.0,10.0,100.0,fixed,0.2884274125099182,0.1122117489576339,100.0,50.0,4.0,4,poisson2d_grid_clean
poisson2d,grid,0.0,0.0,1.0,10.0,200.0,fixed,0.3987264037132263,0.1267973631620407,200.0,50.0,4.0,4,poisson2d_grid_clean
poisson2d,grid,0.0,0.0,1.0,10.0,300.0,fixed,0.6731536984443665,0.1535966545343399,300.0,50.0,4.0,4,poisson2d_grid_clean
poisson2d,grid,0.0,0.0,10.0,0.1,100.0,fixed,0.0331954769790172,0.1501517742872238,100.0,50.0,4.0,4,poisson2d_grid_clean
poisson2d,grid,0.0,0.0,10.0,0.1,200.0,fixed,0.0463841594755649,0.2180211842060089,200.0,50.0,4.0,4,poisson2d_grid_clean
poisson2d,grid,0.0,0.0,10.0,0.1,300.0,fixed,0.0447507537901401,0.2460150718688964,300.0,50.0,4.0,4,poisson2d_grid_clean
poisson2d,grid,0.0,0.0,10.0,1.0,100.0,fixed,0.1294426620006561,0.1149965077638626,100.0,50.0,4.0,4,poisson2d_grid_clean
poisson2d,grid,0.0,0.0,10.0,1.0,200.0,fixed,0.1299472153186798,0.1126267239451408,200.0,50.0,4.0,4,poisson2d_grid_clean
poisson2d,grid,0.0,0.0,10.0,1.0,300.0,fixed,0.0900622978806495,0.1043587699532508,300.0,50.0,4.0,4,poisson2d_grid_clean
poisson2d,grid,0.0,0.0,10.0,10.0,100.0,fixed,0.1236988231539726,0.1386436820030212,100.0,50.0,4.0,4,poisson2d_grid_clean
poisson2d,grid,0.0,0.0,10.0,10.0,200.0,fixed,0.1433511674404144,0.1601547449827194,200.0,50.0,4.0,4,poisson2d_grid_clean
poisson2d,grid,0.0,0.0,10.0,10.0,300.0,fixed,0.1426908820867538,0.1542628407478332,300.0,50.0,4.0,4,poisson2d_grid_clean
