pde,algorithm,n_obs,obs_noise,lam_data,lam_pde,n_collocation,balancer,hidden_dim,n_layers,experiment,n_seeds,f1_l2_error_mean,f1_l2_error_std,f1_l2_error_min,f1_l2_error_max,f2_pde_residual_mean,f2_pde_residual_std,f2_pde_residual_min,f2_pde_residual_max,f3_data_budget_mean,f3_data_budget_std,f3_data_budget_min,f3_data_budget_max
burgers,baseline_fixed,0.0,0.0,10.0,1.0,200.0,fixed,50.0,4.0,burgers_baseline_fixed,5,0.45252965775925597,0.04684001168680341,0.4047687243937735,0.505604894491994,0.25603797733783723,0.04229608373832536,0.213734745979309,0.3264640569686889,200.0,0.0,200.0,200.0
burgers,grid,0.0,0.0,1.0,1.0,100.0,fixed,50.0,4.0,burgers_grid_clean,5,0.45030162395937845,0.09871280844275897,0.2946170442824233,0.5525195429619869,0.0635860107839107,0.01333685439612541,0.0416451133787632,0.0779143273830413,100.0,0.0,100.0,100.0
burgers,grid,0.0,0.0,1.0,1.0,200.0,fixed,50.0,4.0,burgers_grid_clean,5,0.4535735668331382,0.03449888968118816,0.4122505902610691,0.5078847149711805,0.08212310224771495,0.012139863957871155,0.067905843257904,0.0980361476540565,200.0,0.0,200.0,200.0
burgers,grid,0.0,0.0,1.0,1.0,300.0,fixed,50.0,4.0,burgers_grid_clean,5,0.4776864585057736,0.019870658088220052,0.4574455006824965,0.5099571175110239,0.08644954711198802,0.005049406026433699,0.0820149257779121,0.0928895696997642,300.0,0.0,300.0,300.0
burgers,grid,0.0,0.0,1.0,10.0,100.0,fixed,50.0,4.0,burgers_grid_clean,5,0.5868217505069454,0.07024079189913213,0.4694212178072016,0.6540060873986971,0.024736850708722998,0.0017207186731574044,0.0232105869799852,0.0274664778262376,100.0,0.0,100.0,100.0
burgers,grid,0.0,0.0,1.0,10.0,200.0,fixed,50.0,4.0,burgers_grid_clean,5,0.6372388584747768,0.06143627652734035,0.5917713651619932,0.7401328471958881,0.026439310982823337,0.0039260407843665825,0.0214477553963661,0.031495451927185,200.0,0.0,200.0,200.0
burgers,grid,0.0,0.0,1.0,10.0,300.0,fixed,50.0,4.0,burgers_grid_clean,5,0.6565622696016025,0.063537090021241,0.5738381271189726,0.726321742318772,0.0272116038948297,0.0041691133459454245,0.0221678242087364,0.0317703634500503,300.0,0.0,300.0,300.0
burgers,grid,0.0,0.0,10.0,1.0,100.0,fixed,50.0,4.0,burgers_grid_clean,5,0.5506597868555174,0.10956778308134353,0.4595445284999754,0.7366091560045872,0.24771595895290374,0.02928410824198637,0.212550014257431,0.2845996916294098,100.0,0.0,100.0,100.0
burgers,grid,0.0,0.0,10.0,1.0,200.0,fixed,50.0,4.0,burgers_grid_clean,5,0.4716971065577564,0.017638102306573224,0.4496813153735872,0.4939976636773044,0.2926132202148437,0.0282853561290205,0.2584062814712524,0.3343429565429687,200.0,0.0,200.0,200.0
burgers,grid,0.0,0.0,10.0,1.0,300.0,fixed,50.0,4.0,burgers_grid_clean,5,0.45637322227474264,0.04062977629779746,0.4100980385689589,0.5025277976635935,0.3009627670049667,0.043013057560633554,0.24518783390522,0.3535646200180053,300.0,0.0,300.0,300.0
burgers,grid,0.0,0.0,10.0,10.0,100.0,fixed,50.0,4.0,burgers_grid_clean,5,0.5016233094596927,0.09335344163654449,0.3422424088637193,0.5825937900606258,0.07892534285783764,0.013655591025159194,0.0621773228049278,0.0979151502251625,100.0,0.0,100.0,100.0
burgers,grid,0.0,0.0,10.0,10.0,200.0,fixed,50.0,4.0,burgers_grid_clean,5,0.5064504952140519,0.04583924575784792,0.4435691764604282,0.5677726061147931,0.08929308950901031,0.01608552008631605,0.0675775110721588,0.1122777536511421,200.0,0.0,200.0,200.0
burgers,grid,0.0,0.0,10.0,10.0,300.0,fixed,50.0,4.0,burgers_grid_clean,5,0.48356020699225455,0.06176590579593691,0.3883362379031752,0.5454773747646162,0.0849759921431541,0.017757425229848998,0.0677057430148124,0.111782506108284,300.0,0.0,300.0,300.0
burgers,grid,20.0,0.01,1.0,1.0,100.0,fixed,50.0,4.0,burgers_grid_noisy_s01,5,0.4209052567338049,0.08654561224236879,0.330814740221533,0.528397614440144,0.055973625183105426,0.007563991742175348,0.0484788119792938,0.0672597661614418,120.0,0.0,120.0,120.0
burgers,grid,20.0,0.01,1.0,1.0,200.0,fixed,50.0,4.0,burgers_grid_noisy_s01,5,0.48964764231411984,0.11085196151505188,0.4072323123140321,0.6615019119009463,0.07357669472694392,0.011095380587657867,0.0583022534847259,0.0868433862924575,220.0,0.0,220.0,220.0
burgers,grid,20.0,0.01,1.0,1.0,300.0,fixed,50.0,4.0,burgers_grid_noisy_s01,5,0.48109492739445026,0.05783662395175324,0.4242536216904324,0.5759110585510562,0.07707934677600854,0.006216221565377219,0.0677545517683029,0.0837940499186515,320.0,0.0,320.0,320.0
burgers,grid,20.0,0.01,1.0,10.0,100.0,fixed,50.0,4.0,burgers_grid_noisy_s01,5,0.5745996342961508,0.014292189402312697,0.5565881924265995,0.5945225864535288,0.026485532149672458,0.0013521103424777295,0.0250929072499275,0.028344202786684,120.0,0.0,120.0,120.0
burgers,grid,20.0,0.01,1.0,10.0,200.0,fixed,50.0,4.0,burgers_grid_noisy_s01,5,0.6402762377710827,0.05461624268465087,0.5700781605528644,0.7015501807589197,0.025219593569636302,0.0030026193105828305,0.0204748138785362,0.0283817239105701,220.0,0.0,220.0,220.0
burgers,grid,20.0,0.01,1.0,10.0,300.0,fixed,50.0,4.0,burgers_grid_noisy_s01,5,0.638228423802689,0.05030091219521556,0.5851571303539367,0.7188653768548605,0.02492670491337772,0.00304213551818192,0.0218393970280885,0.0291738416999578,320.0,0.0,320.0,320.0
burgers,grid,20.0,0.01,10.0,1.0,100.0,fixed,50.0,4.0,burgers_grid_noisy_s01,5,0.4582525063542889,0.06773337409638765,0.3505078633152241,0.534819180499785,0.21942428946495057,0.036555734013792494,0.1780962496995926,0.2723631262779236,120.0,0.0,120.0,120.0
burgers,grid,20.0,0.01,10.0,1.0,200.0,fixed,50.0,4.0,burgers_grid_noisy_s01,5,0.4494620494334546,0.10721896806742377,0.3744769998195313,0.6363915443979786,0.23137500882148737,0.05013567120282633,0.1528257727622985,0.2790656983852386,220.0,0.0,220.0,220.0
burgers,grid,20.0,0.01,10.0,1.0,300.0,fixed,50.0,4.0,burgers_grid_noisy_s01,5,0.41612293162464403,0.0762183212693676,0.3608206890413382,0.5482136525208136,0.2579414933919907,0.0450165075506576,0.2191240191459655,0.330394446849823,320.0,0.0,320.0,320.0
burgers,grid,20.0,0.01,10.0,10.0,100.0,fixed,50.0,4.0,burgers_grid_noisy_s01,5,0.4420861297214761,0.08081453395165701,0.3242652967066594,0.5077747763679583,0.07253735661506648,0.011715677193386629,0.05784697458148,0.0838893204927444,120.0,0.0,120.0,120.0
burgers,grid,20.0,0.01,10.0,10.0,200.0,fixed,50.0,4.0,burgers_grid_noisy_s01,5,0.4941058334678231,0.13431134051343188,0.336577739916907,0.706782972917586,0.08536074608564372,0.010522337400433023,0.07183388620615,0.1003220826387405,220.0,0.0,220.0,220.0
burgers,grid,20.0,0.01,10.0,10.0,300.0,fixed,50.0,4.0,burgers_grid_noisy_s01,5,0.4348229529364014,0.07755986475999009,0.3026833049607803,0.5017210067155115,0.08157734125852581,0.009544027375335598,0.0710443407297134,0.0938219875097274,320.0,0.0,320.0,320.0
burgers,grid,20.0,0.05,1.0,1.0,100.0,fixed,50.0,4.0,burgers_grid_noisy_s05,5,0.34707942328917996,0.13882856734585672,0.2036283425970811,0.4976121116121517,0.01841686274856326,0.010739362499260708,0.0121526541188359,0.037549864500761,120.0,0.0,120.0,120.0
burgers,grid,20.0,0.05,1.0,1.0,200.0,fixed,50.0,4.0,burgers_grid_noisy_s05,5,0.38044235989876746,0.19724940942585845,0.2196974642433646,0.6623103018969756,0.024870184808969464,0.005751081904815703,0.0180053431540727,0.0310982558876276,220.0,0.0,220.0,220.0
burgers,grid,20.0,0.05,1.0,1.0,300.0,fixed,50.0,4.0,burgers_grid_noisy_s05,5,0.38389981518247757,0.1336779404458824,0.2311968110669181,0.5669484226708696,0.04045956693589684,0.03247963690215298,0.0136644747108221,0.0893698558211326,320.0,0.0,320.0,320.0
burgers,grid,20.0,0.05,1.0,10.0,100.0,fixed,50.0,4.0,burgers_grid_noisy_s05,5,0.4143763540552928,0.08833858037914337,0.3220213933196583,0.5141823384564871,0.019612390734255254,0.01146580560397891,0.0128996763378381,0.0399347692728042,120.0,0.0,120.0,120.0
burgers,grid,20.0,0.05,1.0,10.0,200.0,fixed,50.0,4.0,burgers_grid_noisy_s05,5,0.453800885870668,0.05727319913117497,0.3627991193420596,0.5022987772788731,0.015494891442358421,0.005068081270236569,0.0097849061712622,0.0225406475365161,220.0,0.0,220.0,220.0
burgers,grid,20.0,0.05,1.0,10.0,300.0,fixed,50.0,4.0,burgers_grid_noisy_s05,5,0.48307154840376265,0.06437743394998993,0.380138010450825,0.5532409803319039,0.016693678498268062,0.0018080496639065198,0.013633195310831,0.0182894710451364,320.0,0.0,320.0,320.0
burgers,grid,20.0,0.05,10.0,1.0,100.0,fixed,50.0,4.0,burgers_grid_noisy_s05,5,0.4059902183439039,0.20216671720585047,0.2010974546951053,0.6939330281601792,0.03270524665713306,0.010501800516646176,0.0274019259959459,0.0514247566461563,120.0,0.0,120.0,120.0
burgers,grid,20.0,0.05,10.0,1.0,200.0,fixed,50.0,4.0,burgers_grid_noisy_s05,5,0.43683397513149663,0.14292732967138017,0.2609645148827048,0.6187898116288438,0.05919302925467486,0.020383832300303547,0.0364698953926563,0.0807045102119445,220.0,0.0,220.0,220.0
burgers,grid,20.0,0.05,10.0,1.0,300.0,fixed,50.0,4.0,burgers_grid_noisy_s05,5,0.3349035501227296,0.11772246292664734,0.2134932668960728,0.4937684457441694,0.06567608267068857,0.019218258556579167,0.0482899695634841,0.0878182202577591,320.0,0.0,320.0,320.0
burgers,grid,20.0,0.05,10.0,10.0,100.0,fixed,50.0,4.0,burgers_grid_noisy_s05,5,0.3142193185214301,0.1032816224931715,0.1717252626132255,0.4509124229833043,0.01994255539029832,0.005871267116613545,0.0127069978043437,0.0261216387152671,120.0,0.0,120.0,120.0
burgers,grid,20.0,0.05,10.0,10.0,200.0,fixed,50.0,4.0,burgers_grid_noisy_s05,5,0.4413945346690852,0.1059010867705963,0.3589491952498814,0.6198474509802151,0.029618920385837477,0.008479267290735571,0.0162149537354707,0.0394168719649314,220.0,0.0,220.0,220.0
burgers,grid,20.0,0.05,10.0,10.0,300.0,fixed,50.0,4.0,burgers_grid_noisy_s05,5,0.3287201283732628,0.12288373500084984,0.2076403046000627,0.4738482128787081,0.029528880119323676,0.0074255920529607096,0.0180358160287141,0.0382139533758163,320.0,0.0,320.0,320.0
burgers,grid,20.0,0.1,1.0,1.0,100.0,fixed,50.0,4.0,burgers_grid_noisy_s10,5,0.42772878046839624,0.07895713205525068,0.3260804505753051,0.5323911807184393,0.05045680478215212,0.006989016552108457,0.0428296029567718,0.0616211332380771,120.0,0.0,120.0,120.0
burgers,grid,20.0,0.1,1.0,1.0,200.0,fixed,50.0,4.0,burgers_grid_noisy_s10,5,0.4776637542244063,0.11000603278242568,0.3909098032692158,0.6691290217521206,0.07257538437843317,0.009902657857605204,0.056539386510849,0.0825357809662818,220.0,0.0,220.0,220.0
burgers,grid,20.0,0.1,1.0,1.0,300.0,fixed,50.0,4.0,burgers_grid_noisy_s10,5,0.4806306068738258,0.06008553667289433,0.4260158280705695,0.576386961466645,0.07849073857069011,0.006920035904919909,0.071190670132637,0.0885695442557334,320.0,0.0,320.0,320.0
burgers,grid,20.0,0.1,1.0,10.0,100.0,fixed,50.0,4.0,burgers_grid_noisy_s10,5,0.5685680736996048,0.03507760433405757,0.5107757963899443,0.6012672776514916,0.026970837265253,0.0019595137588140025,0.024320863187313,0.029758920893073,120.0,0.0,120.0,120.0
burgers,grid,20.0,0.1,1.0,10.0,200.0,fixed,50.0,4.0,burgers_grid_noisy_s10,5,0.6376544883896782,0.05514800669886236,0.5678115146726777,0.7081151144170088,0.02491717971861358,0.0024041967509954515,0.0224140975624322,0.0278232619166374,220.0,0.0,220.0,220.0
burgers,grid,20.0,0.1,1.0,10.0,300.0,fixed,50.0,4.0,burgers_grid_noisy_s10,5,0.6378616964869261,0.050166131596130016,0.5934893367692667,0.722540264239964,0.024470177292823764,0.003028904097444385,0.0213025342673063,0.0289095751941204,320.0,0.0,320.0,320.0
burgers,grid,20.0,0.1,10.0,1.0,100.0,fixed,50.0,4.0,burgers_grid_noisy_s10,5,0.4541974145376691,0.07323823538163499,0.3361932073868097,0.5385006327533434,0.23515806496143338,0.034643538189009455,0.2110464870929718,0.29600590467453,120.0,0.0,120.0,120.0
burgers,grid,20.0,0.1,10.0,1.0,200.0,fixed,50.0,4.0,burgers_grid_noisy_s10,5,0.4499508084159598,0.09958738528522344,0.375748126333752,0.6223501700725195,0.23828644454479217,0.0342065060798528,0.1927016675472259,0.2735852003097534,220.0,0.0,220.0,220.0
burgers,grid,20.0,0.1,10.0,1.0,300.0,fixed,50.0,4.0,burgers_grid_noisy_s10,5,0.4196741605459956,0.07738882190782052,0.3720718381695296,0.5559067110954499,0.25406568348407743,0.04050043385915056,0.214755043387413,0.317321628332138,320.0,0.0,320.0,320.0
burgers,grid,20.0,0.1,10.0,10.0,100.0,fixed,50.0,4.0,burgers_grid_noisy_s10,5,0.4414311923183948,0.07931582627186856,0.3332659941172636,0.5086495731936909,0.07770841717720027,0.014638794106868873,0.0637732669711113,0.0992577522993087,120.0,0.0,120.0,120.0
burgers,grid,20.0,0.1,10.0,10.0,200.0,fixed,50.0,4.0,burgers_grid_noisy_s10,5,0.5149039783915339,0.09842680130084792,0.4430642707975529,0.6874848525596038,0.08422340154647824,0.012370705461959631,0.070925235748291,0.0997231677174568,220.0,0.0,220.0,220.0
burgers,grid,20.0,0.1,10.0,10.0,300.0,fixed,50.0,4.0,burgers_grid_noisy_s10,5,0.4398343132212668,0.07089126108778988,0.3210621074757693,0.5019960948689718,0.0834834605455398,0.009457877529379358,0.0692732632160186,0.0937253981828689,320.0,0.0,320.0,320.0
burgers,grid_gradnorm,0.0,0.0,1.0,1.0,100.0,gradnorm,50.0,4.0,burgers_grid_gradnorm,5,0.9010831347438275,0.10890020900370004,0.7283912460837763,1.0081163347222233,0.015289616188965679,0.02632572728840549,0.0011642928002402,0.0622282698750495,100.0,0.0,100.0,100.0
burgers,grid_gradnorm,0.0,0.0,1.0,1.0,200.0,gradnorm,50.0,4.0,burgers_grid_gradnorm,5,0.9631575398450586,0.11032828592711746,0.8302985790212883,1.1179155144347506,0.00579651212319726,0.005533590629391387,0.001322051975876,0.0151144694536924,200.0,0.0,200.0,200.0
burgers,grid_gradnorm,0.0,0.0,1.0,1.0,300.0,gradnorm,50.0,4.0,burgers_grid_gradnorm,5,0.9586056121503805,0.0682558262557469,0.8877019177631377,1.0524525989957836,0.00399242728017266,0.002411826308963266,0.0012680378276854,0.0063328961841762,300.0,0.0,300.0,300.0
burgers,grid_relobralo,0.0,0.0,1.0,1.0,100.0,relobralo,50.0,4.0,burgers_grid_relobralo,5,0.4739386662564925,0.0829456323315732,0.3507427785212791,0.5718799516813865,0.06520606130361555,0.005482422849375718,0.0586075633764267,0.0709167048335075,100.0,0.0,100.0,100.0
burgers,grid_relobralo,0.0,0.0,1.0,1.0,200.0,relobralo,50.0,4.0,burgers_grid_relobralo,5,0.5103220715824635,0.036422982296450176,0.4756883917655184,0.5649165840050975,0.0646465457975864,0.00940350374482327,0.0548002943396568,0.0758178904652595,200.0,0.0,200.0,200.0
burgers,grid_relobralo,0.0,0.0,1.0,1.0,300.0,relobralo,50.0,4.0,burgers_grid_relobralo,5,0.5238456366130928,0.02795317001879104,0.4961368398605897,0.5698583300730614,0.06642688810825341,0.005492796223560248,0.0571192055940628,0.0703106001019477,300.0,0.0,300.0,300.0
burgers,moead,0.0,0.0,3.0302463512165403,4.350007559926937,50.0,,,,burgers_moead_clean,1,0.385126404599947,0.0,0.385126404599947,0.385126404599947,0.04049191996455191,1.436487510905098e-17,0.0404919199645519,0.0404919199645519,50.0,0.0,50.0,50.0
burgers,moead,0.0,0.0,4.168564367529451,6.457384868995199,50.0,,,,burgers_moead_clean,1,0.276376434315507,0.0,0.276376434315507,0.276376434315507,0.03121115453541269,1.0773656331788234e-17,0.0312111545354127,0.0312111545354127,50.0,0.0,50.0,50.0
burgers,moead,0.0,0.0,5.118704425377867,9.504686499563029,115.0,,,,burgers_moead_clean,1,0.5266559958979672,0.0,0.5266559958979672,0.5266559958979672,0.0583984963595867,0.0,0.0583984963595867,0.0583984963595867,115.0,0.0,115.0,115.0
burgers,moead,0.0,0.0,5.408831230478484,7.639373508466799,50.0,,,,burgers_moead_clean,1,0.30807081391689745,0.005822783295673137,0.3047941507238024,0.3179008034961826,0.02602028381079427,0.0031440418708350904,0.0207125302404165,0.0277895350009202,50.0,0.0,50.0,50.0
burgers,moead,0.0,0.0,5.721157860812641,4.324399520161129,165.0,,,,burgers_moead_clean,1,0.4401818803545128,0.0,0.4401818803545128,0.4401818803545128,0.0820386335253715,0.0,0.0820386335253715,0.0820386335253715,165.0,0.0,165.0,165.0
burgers,moead,0.0,0.0,5.959681608877505,6.9025006869858085,50.0,,,,burgers_moead_clean,1,0.28042835531226246,0.007414966735806683,0.2754794299440978,0.2910331953869006,0.03130922220985997,0.00047875952190225805,0.0306245032697916,0.0316287577152252,50.0,0.0,50.0,50.0
burgers,moead,0.0,0.0,5.983043672763745,6.9067245485631945,50.0,,,,burgers_moead_clean,1,0.3240371833139785,0.0,0.3240371833139785,0.3240371833139785,0.0215439740568399,0.0,0.0215439740568399,0.0215439740568399,50.0,0.0,50.0,50.0
burgers,moead,0.0,0.0,7.272725726838392,0.9281748792191568,50.0,,,,burgers_moead_clean,1,0.4424218049379333,1.1521328816827454e-16,0.4424218049379332,0.4424218049379332,0.3080140352249145,0.0,0.3080140352249145,0.3080140352249145,50.0,0.0,50.0,50.0
burgers,moead,0.0,0.0,7.272725726838392,0.9281748792191568,51.0,,,,burgers_moead_clean,1,0.2364942943479235,0.0,0.2364942943479235,0.2364942943479235,0.0962613597512245,0.0,0.0962613597512245,0.0962613597512245,51.0,0.0,51.0,51.0
burgers,nsga2,0.0,0.0,0.0010284191698828,9.710166014644376,78.0,,,,burgers_nsga2_clean,1,0.942749587997082,0.0,0.942749587997082,0.942749587997082,0.0010870427358895,0.0,0.0010870427358895,0.0010870427358895,78.0,0.0,78.0,78.0
burgers,nsga2,0.0,0.0,0.0020178481871755,6.351342337577274,166.0,,,,burgers_nsga2_clean,1,0.941040869685242,0.0,0.941040869685242,0.941040869685242,0.0008386843255721,0.0,0.0008386843255721,0.0008386843255721,166.0,0.0,166.0,166.0
burgers,nsga2,0.0,0.0,0.0216152006565138,8.358005801608257,156.0,,,,burgers_nsga2_clean,1,0.904634102900652,0.0,0.904634102900652,0.904634102900652,0.0019759631250053,0.0,0.0019759631250053,0.0019759631250053,156.0,0.0,156.0,156.0
burgers,nsga2,0.0,0.0,0.0462418344125753,4.71407873165487,140.0,,,,burgers_nsga2_clean,1,0.913136566079749,0.0,0.913136566079749,0.913136566079749,0.0031479236204177,0.0,0.0031479236204177,0.0031479236204177,140.0,0.0,140.0,140.0
burgers,nsga2,0.0,0.0,0.0462418344125753,9.773000138301006,489.0,,,,burgers_nsga2_clean,1,0.8964962517134896,0.0,0.8964962517134896,0.8964962517134896,0.0026480425149202,0.0,0.0026480425149202,0.0026480425149202,489.0,0.0,489.0,489.0
burgers,nsga2,0.0,0.0,0.048282044703259,3.068988449322104,279.0,,,,burgers_nsga2_clean,1,0.8890452101963646,0.0,0.8890452101963646,0.8890452101963646,0.0052515510469675,0.0,0.0052515510469675,0.0052515510469675,279.0,0.0,279.0,279.0
burgers,nsga2,0.0,0.0,0.0914785239858588,5.428175370925684,78.0,,,,burgers_nsga2_clean,1,0.8492027358117212,0.0,0.8492027358117212,0.8492027358117212,0.0091072544455528,0.0,0.0091072544455528,0.0091072544455528,78.0,0.0,78.0,78.0
burgers,nsga2,0.0,0.0,0.0918805008027056,8.46177458944666,242.0,,,,burgers_nsga2_clean,1,0.8375381983798472,0.0,0.8375381983798472,0.8375381983798472,0.0055253272876143,0.0,0.0055253272876143,0.0055253272876143,242.0,0.0,242.0,242.0
burgers,nsga2,0.0,0.0,0.0946122891324786,9.192149854205466,72.0,,,,burgers_nsga2_clean,1,0.8918286489291537,0.0,0.8918286489291537,0.8918286489291537,0.0055205258540809,0.0,0.0055205258540809,0.0055205258540809,72.0,0.0,72.0,72.0
burgers,nsga2,0.0,0.0,0.1061147862415463,4.741733963335175,98.0,,,,burgers_nsga2_clean,1,0.8293596620311449,0.0,0.8293596620311449,0.8293596620311449,0.0129238441586494,0.0,0.0129238441586494,0.0129238441586494,98.0,0.0,98.0,98.0
burgers,nsga2,0.0,0.0,0.1202234150555397,9.10655910976535,374.0,,,,burgers_nsga2_clean,1,0.872608909634336,0.0,0.872608909634336,0.872608909634336,0.0088567668572068,0.0,0.0088567668572068,0.0088567668572068,374.0,0.0,374.0,374.0
burgers,nsga2,0.0,0.0,0.1221806120128801,3.5329400361220267,50.0,,,,burgers_nsga2_clean,1,0.8356030009044109,0.0,0.8356030009044109,0.8356030009044109,0.0166581366211175,0.0,0.0166581366211175,0.0166581366211175,50.0,0.0,50.0,50.0
burgers,nsga2,0.0,0.0,0.1471636032404384,3.501425185396544,51.0,,,,burgers_nsga2_clean,1,0.7678545316431319,0.0,0.7678545316431319,0.7678545316431319,0.016724269837141,0.0,0.016724269837141,0.016724269837141,51.0,0.0,51.0,51.0
burgers,nsga2,0.0,0.0,0.1471636032404384,3.6028076157163875,110.0,,,,burgers_nsga2_clean,1,0.6931170622753351,0.0,0.6931170622753351,0.6931170622753351,0.0184441953897476,0.0,0.0184441953897476,0.0184441953897476,110.0,0.0,110.0,110.0
burgers,nsga2,0.0,0.0,0.1513387388953485,6.073950964118302,341.0,,,,burgers_nsga2_clean,1,0.76780559201439,0.0,0.76780559201439,0.76780559201439,0.0133001878857612,0.0,0.0133001878857612,0.0133001878857612,341.0,0.0,341.0,341.0
burgers,nsga2,0.0,0.0,0.1513387388953485,6.073950964118302,449.0,,,,burgers_nsga2_clean,1,0.8260241875469978,0.0,0.8260241875469978,0.8260241875469978,0.0121994027867913,0.0,0.0121994027867913,0.0121994027867913,449.0,0.0,449.0,449.0
burgers,nsga2,0.0,0.0,0.1520232905293296,9.845371296707714,476.0,,,,burgers_nsga2_clean,1,0.8730744918409435,0.0,0.8730744918409435,0.8730744918409435,0.0082353726029396,0.0,0.0082353726029396,0.0082353726029396,476.0,0.0,476.0,476.0
burgers,nsga2,0.0,0.0,0.1662598276497624,8.132889121763524,461.0,,,,burgers_nsga2_clean,1,0.7155213691943307,0.0,0.7155213691943307,0.7155213691943307,0.0104465316981077,0.0,0.0104465316981077,0.0104465316981077,461.0,0.0,461.0,461.0
burgers,nsga2,0.0,0.0,0.2021910318960498,3.5329400361220267,50.0,,,,burgers_nsga2_clean,1,0.799688212376986,0.0,0.799688212376986,0.799688212376986,0.0235784407705068,0.0,0.0235784407705068,0.0235784407705068,50.0,0.0,50.0,50.0
burgers,nsga2,0.0,0.0,0.2021910318960498,3.5329400361220267,108.0,,,,burgers_nsga2_clean,1,0.6211482618327471,0.0,0.6211482618327471,0.6211482618327471,0.0221925769001245,0.0,0.0221925769001245,0.0221925769001245,108.0,0.0,108.0,108.0
burgers,nsga2,0.0,0.0,0.2391430224485607,9.040021083844556,153.0,,,,burgers_nsga2_clean,1,0.855057954425016,0.0,0.855057954425016,0.855057954425016,0.0149109531193971,0.0,0.0149109531193971,0.0149109531193971,153.0,0.0,153.0,153.0
burgers,nsga2,0.0,0.0,0.2810390949050232,9.188651069325774,73.0,,,,burgers_nsga2_clean,1,0.7809134115582176,0.0,0.7809134115582176,0.7809134115582176,0.0119129177182912,0.0,0.0119129177182912,0.0119129177182912,73.0,0.0,73.0,73.0
burgers,nsga2,0.0,0.0,0.2927896091381781,6.468795107350186,297.0,,,,burgers_nsga2_clean,1,0.7615030982746958,0.0,0.7615030982746958,0.7615030982746958,0.0140972984954714,0.0,0.0140972984954714,0.0140972984954714,297.0,0.0,297.0,297.0
burgers,nsga2,0.0,0.0,0.3047777427613392,9.952133339690802,70.0,,,,burgers_nsga2_clean,1,0.7552416279133153,0.0,0.7552416279133153,0.7552416279133153,0.0134803969413042,0.0,0.0134803969413042,0.0134803969413042,70.0,0.0,70.0,70.0
burgers,nsga2,0.0,0.0,0.3173215168306749,8.375005133726098,50.0,,,,burgers_nsga2_clean,1,0.6161395325836421,0.0,0.6161395325836421,0.6161395325836421,0.0164252743124961,0.0,0.0164252743124961,0.0164252743124961,50.0,0.0,50.0,50.0
burgers,nsga2,0.0,0.0,0.3784662113293766,9.31830159558806,105.0,,,,burgers_nsga2_clean,1,0.68793937284294,0.0,0.68793937284294,0.68793937284294,0.0212609637528657,0.0,0.0212609637528657,0.0212609637528657,105.0,0.0,105.0,105.0
burgers,nsga2,0.0,0.0,0.3968891737653644,5.214063731915989,257.0,,,,burgers_nsga2_clean,1,0.6076426215365278,0.0,0.6076426215365278,0.6076426215365278,0.0193827357143163,0.0,0.0193827357143163,0.0193827357143163,257.0,0.0,257.0,257.0
burgers,nsga2,0.0,0.0,0.3968891737653644,9.937573443706366,257.0,,,,burgers_nsga2_clean,1,0.7557286027033708,0.0,0.7557286027033708,0.7557286027033708,0.0144996456801891,0.0,0.0144996456801891,0.0144996456801891,257.0,0.0,257.0,257.0
burgers,nsga2,0.0,0.0,0.4382800018799184,9.428934370344184,93.0,,,,burgers_nsga2_clean,1,0.7741178267822891,0.0,0.7741178267822891,0.7741178267822891,0.0154277151450514,0.0,0.0154277151450514,0.0154277151450514,93.0,0.0,93.0,93.0
burgers,nsga2,0.0,0.0,0.4750340720867417,6.015098438788106,61.0,,,,burgers_nsga2_clean,1,0.6337701489919478,0.0,0.6337701489919478,0.6337701489919478,0.0258212871849536,0.0,0.0258212871849536,0.0258212871849536,61.0,0.0,61.0,61.0
burgers,nsga2,0.0,0.0,0.532366163922579,5.909527838623065,207.0,,,,burgers_nsga2_clean,1,0.5785718627921365,0.0,0.5785718627921365,0.5785718627921365,0.022363256663084,0.0,0.022363256663084,0.022363256663084,207.0,0.0,207.0,207.0
burgers,nsga2,0.0,0.0,0.6094884576492324,9.517258918717308,388.0,,,,burgers_nsga2_clean,1,0.6276185576948702,0.0,0.6276185576948702,0.6276185576948702,0.0196121763437986,0.0,0.0196121763437986,0.0196121763437986,388.0,0.0,388.0,388.0
burgers,nsga2,0.0,0.0,0.6094884576492324,9.644512675507825,67.0,,,,burgers_nsga2_clean,1,0.6693966653637998,0.0,0.6693966653637998,0.6693966653637998,0.024603446945548,0.0,0.024603446945548,0.024603446945548,67.0,0.0,67.0,67.0
burgers,nsga2,0.0,0.0,0.6851140701141719,9.837483683164605,268.0,,,,burgers_nsga2_clean,1,0.7497592068339054,0.0,0.7497592068339054,0.7497592068339054,0.0227066166698932,0.0,0.0227066166698932,0.0227066166698932,268.0,0.0,268.0,268.0
burgers,nsga2,0.0,0.0,0.6851140701141719,9.92505073619974,265.0,,,,burgers_nsga2_clean,1,0.6743417374175085,0.0,0.6743417374175085,0.6743417374175085,0.0237693693488836,0.0,0.0237693693488836,0.0237693693488836,265.0,0.0,265.0,265.0
burgers,nsga2,0.0,0.0,0.6983527668864573,2.9590313205937644,53.0,,,,burgers_nsga2_clean,1,0.407081079730256,0.0,0.407081079730256,0.407081079730256,0.0284541193395853,0.0,0.0284541193395853,0.0284541193395853,53.0,0.0,53.0,53.0
burgers,nsga2,0.0,0.0,0.7090943473416824,9.635771241838253,87.0,,,,burgers_nsga2_clean,1,0.699587710078603,0.0,0.699587710078603,0.699587710078603,0.0217158459126949,0.0,0.0217158459126949,0.0217158459126949,87.0,0.0,87.0,87.0
burgers,nsga2,0.0,0.0,0.8092794029321263,6.073950964118302,219.0,,,,burgers_nsga2_clean,1,0.5391475657439714,0.0,0.5391475657439714,0.5391475657439714,0.0262385327368974,0.0,0.0262385327368974,0.0262385327368974,219.0,0.0,219.0,219.0
burgers,nsga2,0.0,0.0,1.6212532217170357,6.53671100460481,242.0,,,,burgers_nsga2_clean,1,0.5033068489602556,0.0,0.5033068489602556,0.5033068489602556,0.0392717123031616,0.0,0.0392717123031616,0.0392717123031616,242.0,0.0,242.0,242.0
burgers,nsga2,0.0,0.0,1.6212532217170357,6.7202301818986685,246.0,,,,burgers_nsga2_clean,1,0.4337438396148904,0.0,0.4337438396148904,0.4337438396148904,0.0387090593576431,0.0,0.0387090593576431,0.0387090593576431,246.0,0.0,246.0,246.0
burgers,nsga2,0.0,0.0,2.0198725678469738,8.844612287209246,356.0,,,,burgers_nsga2_clean,1,0.5552054143648254,0.0,0.5552054143648254,0.5552054143648254,0.0360338240861892,0.0,0.0360338240861892,0.0360338240861892,356.0,0.0,356.0,356.0
burgers,nsga2,0.0,0.0,2.0198725678469738,9.040354113880545,210.0,,,,burgers_nsga2_clean,1,0.5670511680731594,0.0,0.5670511680731594,0.5670511680731594,0.0352846272289752,0.0,0.0352846272289752,0.0352846272289752,210.0,0.0,210.0,210.0
burgers,nsga2,0.0,0.0,2.06727389831815,6.529319971128758,50.0,,,,burgers_nsga2_clean,1,0.4722154541514192,0.0,0.4722154541514192,0.4722154541514192,0.0410469099879264,0.0,0.0410469099879264,0.0410469099879264,50.0,0.0,50.0,50.0
burgers,nsga2,0.0,0.0,2.9978191934833105,0.6334266628308227,66.0,,,,burgers_nsga2_clean,1,0.3147059077061838,0.0,0.3147059077061838,0.3147059077061838,0.0641916990280151,0.0,0.0641916990280151,0.0641916990280151,66.0,0.0,66.0,66.0
burgers,nsga2,0.0,0.0,3.1117772248272835,5.320964850068389,50.0,,,,burgers_nsga2_clean,1,0.4516210537388041,0.0,0.4516210537388041,0.4516210537388041,0.0252610966563224,0.0,0.0252610966563224,0.0252610966563224,50.0,0.0,50.0,50.0
burgers,nsga2,0.0,0.0,6.0400435793865,8.095778476085115,57.0,,,,burgers_nsga2_clean,1,0.3479171510885224,0.0,0.3479171510885224,0.3479171510885224,0.0360261909663677,0.0,0.0360261909663677,0.0360261909663677,57.0,0.0,57.0,57.0
burgers,nsga2,0.0,0.0,6.183791572645537,8.090072116019613,75.0,,,,burgers_nsga2_clean,1,0.5123171625727719,0.0,0.5123171625727719,0.5123171625727719,0.0209947973489761,0.0,0.0209947973489761,0.0209947973489761,75.0,0.0,75.0,75.0
burgers,nsga2,0.0,0.0,6.31426825495793,2.776387719380274,50.0,,,,burgers_nsga2_clean,1,0.2610557861527954,0.0,0.2610557861527954,0.2610557861527954,0.0370161794126033,0.0,0.0370161794126033,0.0370161794126033,50.0,0.0,50.0,50.0
burgers,nsga2,0.0,0.0,6.3181440939154205,2.776387719380274,50.0,,,,burgers_nsga2_clean,1,0.3185046221511383,0.0,0.3185046221511383,0.3185046221511383,0.0287176519632339,0.0,0.0287176519632339,0.0287176519632339,50.0,0.0,50.0,50.0
burgers,nsga2,0.0,0.0,7.941527125288574,6.438936693234134,55.0,,,,burgers_nsga2_clean,1,0.3808062994880505,0.0,0.3808062994880505,0.3808062994880505,0.0538892857730388,0.0,0.0538892857730388,0.0538892857730388,55.0,0.0,55.0,55.0
burgers,nsga2,0.0,0.0,8.060535033246406,6.601459157321276,70.0,,,,burgers_nsga2_clean,1,0.3027650186900104,0.0,0.3027650186900104,0.3027650186900104,0.07286137342453,0.0,0.07286137342453,0.07286137342453,70.0,0.0,70.0,70.0
burgers,nsga2,0.0,0.0,8.173116512468587,2.929165989757077,51.0,,,,burgers_nsga2_clean,1,0.3001137349681048,0.0,0.3001137349681048,0.3001137349681048,0.0337631478905677,0.0,0.0337631478905677,0.0337631478905677,51.0,0.0,51.0,51.0
burgers,nsga2,0.0,0.0,8.394758357233162,9.320993755185487,70.0,,,,burgers_nsga2_clean,1,0.5882554107186286,0.0,0.5882554107186286,0.5882554107186286,0.0229717940092086,0.0,0.0229717940092086,0.0229717940092086,70.0,0.0,70.0,70.0
burgers,nsga2,0.0,0.0,8.400833632774942,9.323698122811424,70.0,,,,burgers_nsga2_clean,1,0.5443917340456543,0.0,0.5443917340456543,0.5443917340456543,0.0582587122917175,0.0,0.0582587122917175,0.0582587122917175,70.0,0.0,70.0,70.0
burgers,nsga2,0.0,0.0,8.532928787644412,6.286952832097254,60.0,,,,burgers_nsga2_clean,1,0.3607385825615499,0.0,0.3607385825615499,0.3607385825615499,0.0567433610558509,0.0,0.0567433610558509,0.0567433610558509,60.0,0.0,60.0,60.0
burgers,nsga2,0.0,0.0,8.532928787644412,6.286952832097254,93.0,,,,burgers_nsga2_clean,1,0.259301924104624,0.0,0.259301924104624,0.259301924104624,0.0757222399115562,0.0,0.0757222399115562,0.0757222399115562,93.0,0.0,93.0,93.0
burgers,nsga2,0.0,0.0,8.532928787644412,6.688583686242012,93.0,,,,burgers_nsga2_clean,1,0.2682738876303291,0.0,0.2682738876303291,0.2682738876303291,0.0459357909858226,0.0,0.0459357909858226,0.0459357909858226,93.0,0.0,93.0,93.0
burgers,nsga2,0.0,0.0,9.105846743589858,4.783247870664996,98.0,,,,burgers_nsga2_clean,1,0.4373502776491152,0.0,0.4373502776491152,0.4373502776491152,0.0484868809580802,0.0,0.0484868809580802,0.0484868809580802,98.0,0.0,98.0,98.0
burgers,nsga2,0.0,0.0,9.105846743589858,5.0334435035505285,96.0,,,,burgers_nsga2_clean,1,0.38850581634277,0.0,0.38850581634277,0.38850581634277,0.0801068320870399,0.0,0.0801068320870399,0.0801068320870399,96.0,0.0,96.0,96.0
burgers,nsga2,0.0,0.0,9.220332693194242,4.986270337542315,51.0,,,,burgers_nsga2_clean,1,0.42755570322765,0.0,0.42755570322765,0.42755570322765,0.0339134819805622,0.0,0.0339134819805622,0.0339134819805622,51.0,0.0,51.0,51.0
burgers,nsga2,0.0,0.0,9.317838294184682,9.999702782456469,78.0,,,,burgers_nsga2_clean,1,0.3818528902351081,0.0,0.3818528902351081,0.3818528902351081,0.0674957185983657,0.0,0.0674957185983657,0.0674957185983657,78.0,0.0,78.0,78.0
burgers,nsga2,0.0,0.0,9.345246512406003,5.113764200590802,117.0,,,,burgers_nsga2_clean,1,0.3144228980474122,0.0,0.3144228980474122,0.3144228980474122,0.0539125129580497,0.0,0.0539125129580497,0.0539125129580497,117.0,0.0,117.0,117.0
burgers,nsga2,0.0,0.0,9.371154079858488,5.320964850068389,50.0,,,,burgers_nsga2_clean,1,0.3469831949186749,0.0,0.3469831949186749,0.3469831949186749,0.076397493481636,0.0,0.076397493481636,0.076397493481636,50.0,0.0,50.0,50.0
burgers,nsga2,0.0,0.0,9.516281253530323,8.132889121763524,52.0,,,,burgers_nsga2_clean,1,0.3326277385120028,0.0,0.3326277385120028,0.3326277385120028,0.0490567274391651,0.0,0.0490567274391651,0.0490567274391651,52.0,0.0,52.0,52.0
burgers,nsga2,0.0,0.0,9.567554402430826,6.373977228864657,157.0,,,,burgers_nsga2_clean,1,0.2816055084650635,0.0,0.2816055084650635,0.2816055084650635,0.0741017535328865,0.0,0.0741017535328865,0.0741017535328865,157.0,0.0,157.0,157.0
burgers,nsga2,0.0,0.0,9.703959201354524,9.962476799326028,111.0,,,,burgers_nsga2_clean,1,0.3284369812476064,0.0,0.3284369812476064,0.3284369812476064,0.0580441169440746,0.0,0.0580441169440746,0.0580441169440746,111.0,0.0,111.0,111.0
burgers,nsga2,0.0,0.0,9.817462411759715,6.073950964118302,61.0,,,,burgers_nsga2_clean,1,0.344155500764344,0.0,0.344155500764344,0.344155500764344,0.0918276160955429,0.0,0.0918276160955429,0.0918276160955429,61.0,0.0,61.0,61.0
burgers,nsga2,0.0,0.0,9.842788454096372,5.320964850068389,50.0,,,,burgers_nsga2_clean,1,0.3616764092788703,0.0,0.3616764092788703,0.3616764092788703,0.0538922697305679,0.0,0.0538922697305679,0.0538922697305679,50.0,0.0,50.0,50.0
burgers,nsga2,0.0,0.0,9.918058417633109,9.710166014644376,89.0,,,,burgers_nsga2_clean,1,0.3273552332651473,0.0,0.3273552332651473,0.3273552332651473,0.0436089746654033,0.0,0.0436089746654033,0.0436089746654033,89.0,0.0,89.0,89.0
burgers,nsga2,0.0,0.0,9.972953106297044,9.710166014644376,81.0,,,,burgers_nsga2_clean,1,0.3770961543655225,0.0,0.3770961543655225,0.3770961543655225,0.0543525367975235,0.0,0.0543525367975235,0.0543525367975235,81.0,0.0,81.0,81.0
burgers,nsga3,0.0,0.0,0.1662598276497624,8.132889121763524,457.0,,,,burgers_nsga3_clean,1,0.814008104196877,0.0,0.814008104196877,0.814008104196877,0.0101983603090047,0.0,0.0101983603090047,0.0101983603090047,457.0,0.0,457.0,457.0
burgers,nsga3,0.0,0.0,0.2765635733174406,9.725049499487676,292.0,,,,burgers_nsga3_clean,1,0.7920848224637717,0.0,0.7920848224637717,0.7920848224637717,0.0122166937217116,0.0,0.0122166937217116,0.0122166937217116,292.0,0.0,292.0,292.0
burgers,nsga3,0.0,0.0,0.3413697537061666,9.09405759342786,145.0,,,,burgers_nsga3_clean,1,0.7519781539988446,0.0,0.7519781539988446,0.7519781539988446,0.0161198936402797,0.0,0.0161198936402797,0.0161198936402797,145.0,0.0,145.0,145.0
burgers,nsga3,0.0,0.0,0.3660891498428729,6.130420007229352,302.0,,,,burgers_nsga3_clean,1,0.6698553427237097,0.0,0.6698553427237097,0.6698553427237097,0.0190299954265356,0.0,0.0190299954265356,0.0190299954265356,302.0,0.0,302.0,302.0
burgers,nsga3,0.0,0.0,0.3710919456480361,9.150656955200484,298.0,,,,burgers_nsga3_clean,1,0.7599987697795646,0.0,0.7599987697795646,0.7599987697795646,0.0160614252090454,0.0,0.0160614252090454,0.0160614252090454,298.0,0.0,298.0,298.0
burgers,nsga3,0.0,0.0,0.3968891737653644,5.286364043336957,257.0,,,,burgers_nsga3_clean,1,0.5968539969310358,0.0,0.5968539969310358,0.5968539969310358,0.0258141383528709,0.0,0.0258141383528709,0.0258141383528709,257.0,0.0,257.0,257.0
burgers,nsga3,0.0,0.0,0.4234553510388887,5.8712772254591465,404.0,,,,burgers_nsga3_clean,1,0.6786377886142853,0.0,0.6786377886142853,0.6786377886142853,0.0234699007123708,0.0,0.0234699007123708,0.0234699007123708,404.0,0.0,404.0,404.0
burgers,nsga3,0.0,0.0,0.7199737031531294,4.773973417945141,146.0,,,,burgers_nsga3_clean,1,0.7442135737526874,0.0,0.7442135737526874,0.7442135737526874,0.040522065013647,0.0,0.040522065013647,0.040522065013647,146.0,0.0,146.0,146.0
burgers,nsga3,0.0,0.0,1.2296712179541247,5.532586573543142,54.0,,,,burgers_nsga3_clean,1,0.624302986094508,0.0,0.624302986094508,0.624302986094508,0.0432679504156112,0.0,0.0432679504156112,0.0432679504156112,54.0,0.0,54.0,54.0
burgers,nsga3,0.0,0.0,1.2475902079044163,7.888205673417476,115.0,,,,burgers_nsga3_clean,1,0.4419174538422472,0.0,0.4419174538422472,0.4419174538422472,0.0276344381272792,0.0,0.0276344381272792,0.0276344381272792,115.0,0.0,115.0,115.0
burgers,nsga3,0.0,0.0,1.2507211226125978,8.627516002822937,107.0,,,,burgers_nsga3_clean,1,0.5602849450241152,0.0,0.5602849450241152,0.5602849450241152,0.0278196856379508,0.0,0.0278196856379508,0.0278196856379508,107.0,0.0,107.0,107.0
burgers,nsga3,0.0,0.0,1.4912917472219385,6.993737938522589,468.0,,,,burgers_nsga3_clean,1,0.5365574921464945,0.0,0.5365574921464945,0.5365574921464945,0.0389099270105361,0.0,0.0389099270105361,0.0389099270105361,468.0,0.0,468.0,468.0
burgers,nsga3,0.0,0.0,1.6136427791225805,7.584703995371301,51.0,,,,burgers_nsga3_clean,1,0.5272857109271796,0.0,0.5272857109271796,0.5272857109271796,0.0322208888828754,0.0,0.0322208888828754,0.0322208888828754,51.0,0.0,51.0,51.0
burgers,nsga3,0.0,0.0,2.0383485914597745,6.438275106487172,116.0,,,,burgers_nsga3_clean,1,0.4138771473041254,0.0,0.4138771473041254,0.4138771473041254,0.0412645265460014,0.0,0.0412645265460014,0.0412645265460014,116.0,0.0,116.0,116.0
burgers,nsga3,0.0,0.0,2.546788558381226,2.985612942997819,97.0,,,,burgers_nsga3_clean,1,0.3931869230149974,0.0,0.3931869230149974,0.3931869230149974,0.0443896278738975,0.0,0.0443896278738975,0.0443896278738975,97.0,0.0,97.0,97.0
burgers,nsga3,0.0,0.0,3.7065208229731006,0.8498628268825149,105.0,,,,burgers_nsga3_clean,1,0.3558192387828477,0.0,0.3558192387828477,0.3558192387828477,0.1001618131995201,0.0,0.1001618131995201,0.1001618131995201,105.0,0.0,105.0,105.0
burgers,nsga3,0.0,0.0,3.997162555083397,6.130262104305261,138.0,,,,burgers_nsga3_clean,1,0.3879779733968583,0.0,0.3879779733968583,0.3879779733968583,0.0474041365087032,0.0,0.0474041365087032,0.0474041365087032,138.0,0.0,138.0,138.0
burgers,nsga3,0.0,0.0,4.978705397213514,7.5453225510866435,114.0,,,,burgers_nsga3_clean,1,0.2862150698363282,0.0,0.2862150698363282,0.2862150698363282,0.0490559078752994,0.0,0.0490559078752994,0.0490559078752994,114.0,0.0,114.0,114.0
burgers,nsga3,0.0,0.0,6.450779192175442,2.6985973509249392,59.0,,,,burgers_nsga3_clean,1,0.3309279472932371,0.0,0.3309279472932371,0.3309279472932371,0.0478298477828502,0.0,0.0478298477828502,0.0478298477828502,59.0,0.0,59.0,59.0
burgers,nsga3,0.0,0.0,6.88477885897883,4.675116150801699,114.0,,,,burgers_nsga3_clean,1,0.2629832732666823,0.0,0.2629832732666823,0.2629832732666823,0.058556281030178,0.0,0.058556281030178,0.058556281030178,114.0,0.0,114.0,114.0
burgers,nsga3,0.0,0.0,6.9624637507048845,2.927914769375859,51.0,,,,burgers_nsga3_clean,1,0.4735524614227455,0.0,0.4735524614227455,0.4735524614227455,0.0510761924088001,0.0,0.0510761924088001,0.0510761924088001,51.0,0.0,51.0,51.0
burgers,nsga3,0.0,0.0,7.0543413804035024,7.728659478382194,97.0,,,,burgers_nsga3_clean,1,0.3650337520190407,0.0,0.3650337520190407,0.3650337520190407,0.055177628993988,0.0,0.055177628993988,0.055177628993988,97.0,0.0,97.0,97.0
burgers,nsga3,0.0,0.0,7.7412740582868755,3.937254265148865,59.0,,,,burgers_nsga3_clean,1,0.3715976610495303,0.0,0.3715976610495303,0.3715976610495303,0.0549854487180709,0.0,0.0549854487180709,0.0549854487180709,59.0,0.0,59.0,59.0
burgers,nsga3,0.0,0.0,8.166266753722706,6.311867480693047,53.0,,,,burgers_nsga3_clean,1,0.3565257060880668,0.0,0.3565257060880668,0.3565257060880668,0.0923244580626487,0.0,0.0923244580626487,0.0923244580626487,53.0,0.0,53.0,53.0
burgers,nsga3,0.0,0.0,8.216212264226478,6.311867480693047,54.0,,,,burgers_nsga3_clean,1,0.3175452168102433,0.0,0.3175452168102433,0.3175452168102433,0.0436853095889091,0.0,0.0436853095889091,0.0436853095889091,54.0,0.0,54.0,54.0
burgers,nsga3,0.0,0.0,9.350789165453897,8.1587196876612,51.0,,,,burgers_nsga3_clean,1,0.4044654258449847,0.0,0.4044654258449847,0.4044654258449847,0.0350342914462089,0.0,0.0350342914462089,0.0350342914462089,51.0,0.0,51.0,51.0
poisson,grid,0.0,0.0,0.1,0.1,100.0,fixed,50.0,4.0,poisson_grid_clean,5,0.0042994054500013,0.0007687283711047598,0.0033534516114741,0.0051196203567087,0.03880352303385728,0.005015080080903762,0.033397439867258,0.0457686930894851,100.0,0.0,100.0,100.0
poisson,grid,0.0,0.0,0.1,0.1,200.0,fixed,50.0,4.0,poisson_grid_clean,5,0.00460606566630298,0.0010678294943930009,0.003090031677857,0.0056345327757298,0.04168577268719668,0.0029216557156082554,0.0368999242782592,0.0447190552949905,200.0,0.0,200.0,200.0
poisson,grid,0.0,0.0,0.1,0.1,300.0,fixed,50.0,4.0,poisson_grid_clean,5,0.00493026627227658,0.0013099081343993326,0.0031914631836116,0.0067089032381772,0.040614491701126076,0.0027091059312722614,0.0374138243496418,0.0432973764836788,300.0,0.0,300.0,300.0
poisson,grid,0.0,0.0,0.1,1.0,100.0,fixed,50.0,4.0,poisson_grid_clean,5,0.0422864949330687,0.035616393609437656,0.0136328684166073,0.0930146649479866,0.01487111328169698,0.007507601550551173,0.0069791697897017,0.0264772698283195,100.0,0.0,100.0,100.0
poisson,grid,0.0,0.0,0.1,1.0,200.0,fixed,50.0,4.0,poisson_grid_clean,5,0.05051980689167972,0.04112666756191139,0.0195905249565839,0.1042884066700935,0.02299449294805522,0.009626000634620288,0.0112235341221094,0.0329634249210357,200.0,0.0,200.0,200.0
poisson,grid,0.0,0.0,0.1,1.0,300.0,fixed,50.0,4.0,poisson_grid_clean,5,0.050903013534843874,0.0358602074990052,0.0125019783154129,0.0918152779340744,0.025762558728456442,0.010907301887453738,0.0072680972516536,0.0343379341065883,300.0,0.0,300.0,300.0
poisson,grid,0.0,0.0,0.1,10.0,100.0,fixed,50.0,4.0,poisson_grid_clean,5,2.162850832939148,0.27372922049571385,1.7187923192977903,2.461261510848999,0.02613366991281506,0.010345981979681585,0.0160388834774494,0.0385741032660007,100.0,0.0,100.0,100.0
poisson,grid,0.0,0.0,0.1,10.0,200.0,fixed,50.0,4.0,poisson_grid_clean,5,2.1505600452423095,0.11368733514166966,1.986987590789795,2.307014942169189,0.022648418694734558,0.00859814198537865,0.0146942976862192,0.0370208732783794,200.0,0.0,200.0,200.0
poisson,grid,0.0,0.0,0.1,10.0,300.0,fixed,50.0,4.0,poisson_grid_clean,5,2.1925320625305176,0.1415617725360943,1.9616684913635252,2.318645477294922,0.02202363200485704,0.005921059365489745,0.0166318956762552,0.0309971012175083,300.0,0.0,300.0,300.0
poisson,grid,0.0,0.0,1.0,0.1,100.0,fixed,50.0,4.0,poisson_grid_clean,5,0.022773463593330177,0.03618377241818789,0.000706426333636,0.0842002779245376,0.0657175168395042,0.04379805160614604,0.0347904488444328,0.1423458755016327,100.0,0.0,100.0,100.0
poisson,grid,0.0,0.0,1.0,0.1,200.0,fixed,50.0,4.0,poisson_grid_clean,5,0.0113141883630305,0.015671870359097062,0.0008947913302108,0.036783467978239,0.05714724659919734,0.014639772121354776,0.0376650467514991,0.0779726803302764,200.0,0.0,200.0,200.0
poisson,grid,0.0,0.0,1.0,0.1,300.0,fixed,50.0,4.0,poisson_grid_clean,5,0.017263003520201842,0.03320712134405689,0.0007617908413521,0.0765564441680908,0.07246275022625918,0.03360197271671912,0.0385780446231365,0.1265211552381515,300.0,0.0,300.0,300.0
poisson,grid,0.0,0.0,1.0,1.0,100.0,fixed,50.0,4.0,poisson_grid_clean,5,0.00791511507704846,0.004345669485048688,0.0029519358649849,0.0149393565952777,0.06064064092934126,0.021462231757267348,0.0298246052116155,0.0904302150011062,100.0,0.0,100.0,100.0
poisson,grid,0.0,0.0,1.0,1.0,200.0,fixed,50.0,4.0,poisson_grid_clean,5,0.007548757875338161,0.0038055398010189067,0.0037818655837327,0.0139215774834156,0.054698757454752875,0.01918441751446692,0.0296642798930406,0.0823072642087936,200.0,0.0,200.0,200.0
poisson,grid,0.0,0.0,1.0,1.0,300.0,fixed,50.0,4.0,poisson_grid_clean,5,0.007223506597802,0.003899863756721095,0.0036874145735055,0.0137619040906429,0.05323809310793872,0.01930443579492662,0.0298911705613136,0.0829795971512794,300.0,0.0,300.0,300.0
poisson,grid,0.0,0.0,1.0,10.0,100.0,fixed,50.0,4.0,poisson_grid_clean,5,0.09958537220954893,0.12378173330309448,0.017429269850254,0.3171541690826416,0.02814948745071886,0.01241154016398146,0.0191818363964557,0.0452439971268177,100.0,0.0,100.0,100.0
poisson,grid,0.0,0.0,1.0,10.0,200.0,fixed,50.0,4.0,poisson_grid_clean,5,0.09952993169426913,0.09365449568253759,0.0405555628240108,0.2649238407611847,0.03096104115247722,0.0056594161292186146,0.022254167124629,0.0368754491209983,200.0,0.0,200.0,200.0
poisson,grid,0.0,0.0,1.0,10.0,300.0,fixed,50.0,4.0,poisson_grid_clean,5,0.09794969968497753,0.10382620620176217,0.0310299564152956,0.280954509973526,0.03628586940467354,0.01803490711824938,0.0213848650455474,0.0676115304231643,300.0,0.0,300.0,300.0
poisson,grid,0.0,0.0,10.0,0.1,100.0,fixed,50.0,4.0,poisson_grid_clean,5,0.004896540683694139,0.005484352186617711,0.0008590152719989,0.0142971212044358,0.06995421499013896,0.01487536926546269,0.0494070500135421,0.0904893800616264,100.0,0.0,100.0,100.0
poisson,grid,0.0,0.0,10.0,0.1,200.0,fixed,50.0,4.0,poisson_grid_clean,5,0.01474979699123646,0.021145171058093302,0.0010822900803759,0.0507502108812332,0.06462149024009703,0.012070776530170333,0.0521515570580959,0.0841340646147728,200.0,0.0,200.0,200.0
poisson,grid,0.0,0.0,10.0,0.1,300.0,fixed,50.0,4.0,poisson_grid_clean,5,0.01820881993044162,0.016746149434979967,0.001068246201612,0.0431853719055652,0.0724210046231746,0.018161730442290355,0.0452568717300891,0.0949667245149612,300.0,0.0,300.0,300.0
poisson,grid,0.0,0.0,10.0,1.0,100.0,fixed,50.0,4.0,poisson_grid_clean,5,0.0034102809964678396,0.005782167684827773,0.0006003572489134,0.0137476557865738,0.034912212565541195,0.004284496151934518,0.0290157180279493,0.0394352637231349,100.0,0.0,100.0,100.0
poisson,grid,0.0,0.0,10.0,1.0,200.0,fixed,50.0,4.0,poisson_grid_clean,5,0.0008834823209326199,0.000646649486509677,0.0003964834322687,0.002019865438342,0.034650392085313717,0.00382306368550076,0.0297692008316516,0.0395821332931518,200.0,0.0,200.0,200.0
poisson,grid,0.0,0.0,10.0,1.0,300.0,fixed,50.0,4.0,poisson_grid_clean,5,0.00056147210998454,7.383122381490185e-05,0.0004649359034374,0.0006379722035489,0.03757193386554716,0.005192421954479799,0.0315582603216171,0.0457961373031139,300.0,0.0,300.0,300.0
poisson,grid,0.0,0.0,10.0,10.0,100.0,fixed,50.0,4.0,poisson_grid_clean,5,0.00479471492581064,0.0013609488882502443,0.0025399269070476,0.0060386485420167,0.037057932093739435,0.010818855476156379,0.0193626340478658,0.0461802445352077,100.0,0.0,100.0,100.0
poisson,grid,0.0,0.0,10.0,10.0,200.0,fixed,50.0,4.0,poisson_grid_clean,5,0.00377595289610324,0.0010234425255059164,0.0021534217521548,0.0048286337405443,0.031658872961997944,0.008481461233977014,0.0183321330696344,0.0392282158136367,200.0,0.0,200.0,200.0
poisson,grid,0.0,0.0,10.0,10.0,300.0,fixed,50.0,4.0,poisson_grid_clean,5,0.004658344062045161,0.0006734803240859418,0.0035758309531956,0.0054129087366163,0.039483068138360944,0.007127232004902356,0.0330441296100616,0.0509863831102848,300.0,0.0,300.0,300.0
poisson2d,grid,0.0,0.0,0.1,0.1,100.0,fixed,50.0,4.0,poisson2d_grid_clean,5,0.1476661711931228,0.01268963867410501,0.1303788125514984,0.1651602983474731,0.12118726372718806,0.013674784691938882,0.1084513962268829,0.140218123793602,100.0,0.0,100.0,100.0
poisson2d,grid,0.0,0.0,0.1,0.1,200.0,fixed,50.0,4.0,poisson2d_grid_clean,5,0.14016658663749693,0.017402877386618998,0.1209574490785598,0.1669701486825943,0.13712394833564753,0.012878741255944482,0.1164033859968185,0.1476176977157592,200.0,0.0,200.0,200.0
poisson2d,grid,0.0,0.0,0.1,0.1,300.0,fixed,50.0,4.0,poisson2d_grid_clean,5,0.13807073980569834,0.01840607193530927,0.1143300458788871,0.1577925235033035,0.1340990126132965,0.0024417984277138784,0.1322461068630218,0.1381922215223312,300.0,0.0,300.0,300.0
poisson2d,grid,0.0,0.0,0.1,1.0,100.0,fixed,50.0,4.0,poisson2d_grid_clean,5,0.8884217500686645,0.4634091381507185,0.5025891661643982,1.5928689241409302,0.15390848815441127,0.00624938027096513,0.145729660987854,0.1594049781560897,100.0,0.0,100.0,100.0
poisson2d,grid,0.0,0.0,0.1,1.0,200.0,fixed,50.0,4.0,poisson2d_grid_clean,5,0.47354326248168943,0.10812479094579337,0.331186980009079,0.5814953446388245,0.14387827813625334,0.008491585000574823,0.1327926516532898,0.1557530015707016,200.0,0.0,200.0,200.0
poisson2d,grid,0.0,0.0,0.1,1.0,300.0,fixed,50.0,4.0,poisson2d_grid_clean,5,0.5338987350463867,0.17456894092008304,0.2687219083309173,0.7129217982292175,0.13589030057191848,0.02002183813259764,0.1180678829550743,0.1665579080581665,300.0,0.0,300.0,300.0
poisson2d,grid,0.0,0.0,0.1,10.0,100.0,fixed,50.0,4.0,poisson2d_grid_clean,5,2.22682671546936,0.35302387601460483,1.6739861965179443,2.64832091331482,0.17880118191242217,0.040090355982189324,0.127888023853302,0.2282492071390152,100.0,0.0,100.0,100.0
poisson2d,grid,0.0,0.0,0.1,10.0,200.0,fixed,50.0,4.0,poisson2d_grid_clean,5,2.2960508346557615,0.293700547914892,1.913663625717163,2.70180082321167,0.1769927442073822,0.009439991466619177,0.160291850566864,0.1827400177717209,200.0,0.0,200.0,200.0
poisson2d,grid,0.0,0.0,0.1,10.0,300.0,fixed,50.0,4.0,poisson2d_grid_clean,5,2.0717518806457518,0.15733124217444402,1.892806053161621,2.247976303100586,0.19326348006725308,0.02269377544566618,0.1693144142627716,0.224358320236206,300.0,0.0,300.0,300.0
poisson2d,grid,0.0,0.0,1.0,0.1,100.0,fixed,50.0,4.0,poisson2d_grid_clean,5,0.11837869584560393,0.01587649398131111,0.1054401099681854,0.1416170597076416,0.11629795283079145,0.010112426517092429,0.0990479364991188,0.1255591809749603,100.0,0.0,100.0,100.0
poisson2d,grid,0.0,0.0,1.0,0.1,200.0,fixed,50.0,4.0,poisson2d_grid_clean,5,0.11755240261554714,0.016189189805706498,0.0995797142386436,0.1374010443687439,0.13279094398021693,0.016038913688763295,0.1088778525590896,0.1483525484800338,200.0,0.0,200.0,200.0
poisson2d,grid,0.0,0.0,1.0,0.1,300.0,fixed,50.0,4.0,poisson2d_grid_clean,5,0.106928151845932,0.01493229631918187,0.0911521390080452,0.1244344487786293,0.14011030942201613,0.01938223577947145,0.1159039065241813,0.1609084904193878,300.0,0.0,300.0,300.0
poisson2d,grid,0.0,0.0,1.0,1.0,100.0,fixed,50.0,4.0,poisson2d_grid_clean,5,0.15994722843170162,0.013273894661339396,0.1399578601121902,0.1741184294223785,0.13853710591793056,0.022151415198659853,0.1204118430614471,0.1654641777276992,100.0,0.0,100.0,100.0
poisson2d,grid,0.0,0.0,1.0,1.0,200.0,fixed,50.0,4.0,poisson2d_grid_clean,5,0.15374707281589506,0.009454501424094403,0.1433775573968887,0.1675498187541961,0.15849442780017853,0.027674949804737777,0.1284876763820648,0.1967211365699768,200.0,0.0,200.0,200.0
poisson2d,grid,0.0,0.0,1.0,1.0,300.0,fixed,50.0,4.0,poisson2d_grid_clean,5,0.1490713357925415,0.01007685667757926,0.1324268728494644,0.156919926404953,0.15733422040939327,0.03200374476815542,0.1145141124725341,0.1927208751440048,300.0,0.0,300.0,300.0
poisson2d,grid,0.0,0.0,1.0,10.0,100.0,fixed,50.0,4.0,poisson2d_grid_clean,5,0.4230655312538147,0.11285565301683459,0.2884274125099182,0.5357787609100342,0.1161362469196319,0.016165652795381638,0.1015754342079162,0.1437107026576995,100.0,0.0,100.0,100.0
poisson2d,grid,0.0,0.0,1.0,10.0,200.0,fixed,50.0,4.0,poisson2d_grid_clean,5,0.4705818831920624,0.1910168992696973,0.3011514842510223,0.7954187989234924,0.14436776041984556,0.031811853453724344,0.1183275133371353,0.1990322470664978,200.0,0.0,200.0,200.0
poisson2d,grid,0.0,0.0,1.0,10.0,300.0,fixed,50.0,4.0,poisson2d_grid_clean,5,0.49119868874549866,0.1756715117798379,0.3126833438873291,0.6780596375465393,0.14606823325157162,0.02795638713622107,0.1231126934289932,0.191708356142044,300.0,0.0,300.0,300.0
poisson2d,grid,0.0,0.0,10.0,0.1,100.0,fixed,50.0,4.0,poisson2d_grid_clean,5,0.04371962249279018,0.008915784425410635,0.0331954769790172,0.053414948284626,0.20188467800617213,0.03303682582748897,0.1501517742872238,0.2387377172708511,100.0,0.0,100.0,100.0
poisson2d,grid,0.0,0.0,10.0,0.1,200.0,fixed,50.0,4.0,poisson2d_grid_clean,5,0.04456186741590496,0.011155866894979685,0.0301212407648563,0.0612223260104656,0.22201990485191345,0.04031328027690132,0.1932334452867508,0.2923730909824371,200.0,0.0,200.0,200.0
poisson2d,grid,0.0,0.0,10.0,0.1,300.0,fixed,50.0,4.0,poisson2d_grid_clean,5,0.03946551084518428,0.004295782149496334,0.0339818708598613,0.0447507537901401,0.21535824239253992,0.03771794678357743,0.1730124205350875,0.2565583884716034,300.0,0.0,300.0,300.0
poisson2d,grid,0.0,0.0,10.0,1.0,100.0,fixed,50.0,4.0,poisson2d_grid_clean,5,0.10842675268650051,0.0145329180526135,0.0922168269753456,0.1294426620006561,0.12827333360910415,0.016974665110711672,0.108948640525341,0.1459328532218933,100.0,0.0,100.0,100.0
poisson2d,grid,0.0,0.0,10.0,1.0,200.0,fixed,50.0,4.0,poisson2d_grid_clean,5,0.11490483731031413,0.012911220023143039,0.1005828380584716,0.1299472153186798,0.12060727179050443,0.018405819366652466,0.1029146090149879,0.1449308395385742,200.0,0.0,200.0,200.0
poisson2d,grid,0.0,0.0,10.0,1.0,300.0,fixed,50.0,4.0,poisson2d_grid_clean,5,0.10897951722145076,0.015502859173511263,0.0900622978806495,0.1287835538387298,0.12360174357891077,0.019480942771806963,0.1043587699532508,0.1451529115438461,300.0,0.0,300.0,300.0
poisson2d,grid,0.0,0.0,10.0,10.0,100.0,fixed,50.0,4.0,poisson2d_grid_clean,5,0.14635576456785201,0.016739034510118933,0.1236988231539726,0.167634516954422,0.1328256458044052,0.024163703758616144,0.0989461690187454,0.1661706119775772,100.0,0.0,100.0,100.0
poisson2d,grid,0.0,0.0,10.0,10.0,200.0,fixed,50.0,4.0,poisson2d_grid_clean,5,0.14376046657562253,0.015924173052297173,0.1284052580595016,0.1698785722255706,0.13967383354902263,0.020686227999950235,0.1071996316313743,0.1601547449827194,200.0,0.0,200.0,200.0
poisson2d,grid,0.0,0.0,10.0,10.0,300.0,fixed,50.0,4.0,poisson2d_grid_clean,5,0.13978282958269114,0.011259514041305178,0.1240668967366218,0.1536594033241272,0.14360931366682048,0.015847249373324525,0.1222386434674263,0.1625414937734604,300.0,0.0,300.0,300.0
